,R-001,R-002,R-003,R-005,R-007,R-008,R-012,R-013,R-014,R-015,R-016,R-017,R-018,R-019,R-020,R-021,R-022,R-023,R-024,R-025,R-026,R-027,R-028,R-043,R-057,R-058,R-059,R-060,R-061,R-062,R-063,R-064,R-066,R-067,R-068,R-069,R-070,R-071,R-072,R-073,R-074,R-075,R-076,R-077,R-078,R-079,R-080,R-083,R-084,R-141,R-142,R-143,R-144,R-145,R-146,R-147,R-148,R-149,R-150,R-152,R-153,R-154,R-155,R-156,R-157,R-158,R-159,R-160,R-161,R-162,R-163,R-164,R-165,R-167,R-197,R-198,R-200,R-201,R-202,R-203,R-204,R-205,R-206,R-207,R-208,R-209,R-210,R-211,R-212,R-213,R-214,R-215,R-216,R-217,R-218,R-219,R-220,R-221,R-222,R-223,R-224,R-281,R-282,R-283,R-284,R-285,R-286,R-287,R-288,R-289,R-291,R-292,R-293,R-294,R-295,R-296,R-297,R-298,R-301,R-302,R-303,R-304,R-305,R-306,R-307,R-308,R-337,R-338,R-340,R-341,R-342,R-343,R-344,R-345,R-346,R-347,R-348,R-350,R-351,R-352,R-354,R-355,R-356,R-357,R-360,R-361,R-363,R-364
R-001,0,0.892485549132948,0.927167630057803,0.845279383429672,0.915221579961464,0.951252408477842,0.901541425818882,0.754527938342967,0.935838150289017,0.929865125240848,0.936801541425819,0.803660886319846,0.928323699421965,0.942967244701349,0.88766859344894,0.932755298651252,0.914643545279383,0.716763005780347,0.803082851637765,0.791329479768786,0.875915221579961,0.863969171483622,0.939499036608863,0.877649325626204,0.960308285163777,0.843352601156069,0.648362235067437,0.897109826589595,0.712909441233141,0.890173410404624,0.780539499036609,0.788631984585742,0.828901734104046,0.9373795761079,0.923506743737958,0.903660886319846,0.942389210019268,0.893256262042389,0.947591522157996,0.834489402697495,0.923699421965318,0.785163776493256,0.794605009633911,0.833911368015414,0.958188824662813,0.948362235067437,0.939306358381503,0.877456647398844,0.919845857418112,0.899421965317919,0.94354527938343,0.839691714836224,0.928323699421965,0.861849710982659,0.91233140655106,0.960500963391137,0.619845857418112,0.811946050096339,0.915606936416185,0.872061657032755,0.959730250481696,0.829865125240848,0.915221579961464,0.760115606936416,0.983044315992293,0.922543352601156,0.89402697495183,0.815028901734104,0.87514450867052,0.919653179190751,0.894605009633911,0.94393063583815,0.93121387283237,0.906743737957611,0.945279383429672,0.88728323699422,0.770712909441233,0.928901734104046,0.867244701348748,0.946242774566474,0.889595375722543,0.759344894026975,0.940655105973025,0.901348747591522,0.942003853564547,0.929287090558767,0.945279383429672,0.915992292870906,0.759344894026975,0.784585741811175,0.91271676300578,0.731791907514451,0.939113680154143,0.631984585741811,0.783622350674374,0.860693641618497,0.905587668593449,0.94354527938343,0.873988439306358,0.577071290944123,0.915414258188825,0.963583815028902,0.820616570327553,0.899614643545279,0.926204238921002,0.806743737957611,0.922928709055877,0.866473988439306,0.83718689788054,0.943159922928709,0.697687861271676,0.949132947976879,0.909055876685934,0.862042389210019,0.881888246628131,0.869942196531792,0.898458574181118,0.915221579961464,0.835260115606936,0.801926782273603,0.935067437379576,0.941618497109827,0.939113680154143,0.958959537572254,0.756647398843931,0.859344894026975,0.942389210019268,0.802312138728324,0.876107899807322,0.78728323699422,0.911560693641619,0.864354527938343,0.947784200385356,0.81233140655106,0.921387283236994,0.715799614643545,0.71868978805395,0.821579961464355,0.89364161849711,0.922543352601156,0.929094412331407,0.928516377649326,0.849325626204239,0.839306358381503,0.925433526011561,0.9747591522158,0.711946050096339,0.93121387283237
R-002,0.892485549132948,0,0.835452793834297,0.964161849710983,0.927360308285164,0.96281310211946,0.85626204238921,0.951252408477842,0.875915221579961,0.93140655105973,0.877263969171484,0.813680154142582,0.90655105973025,0.93102119460501,0.784778420038536,0.958188824662813,0.917341040462428,0.917148362235067,0.939306358381503,0.903468208092486,0.825433526011561,0.907514450867052,0.859152215799615,0.801348747591522,0.94990366088632,0.949325626204239,0.952601156069364,0.911946050096339,0.932755298651252,0.855491329479769,0.89383429672447,0.936416184971098,0.907129094412331,0.932369942196532,0.867244701348748,0.877649325626204,0.836030828516378,0.81233140655106,0.903853564547206,0.861271676300578,0.926011560693642,0.952023121387283,0.897495183044316,0.826396917148362,0.946242774566474,0.904431599229287,0.755491329479769,0.926974951830443,0.86223506743738,0.85645472061657,0.836030828516378,0.930635838150289,0.921965317919075,0.901156069364162,0.888053949903661,0.984585741811175,0.923506743737958,0.923699421965318,0.87514450867052,0.839884393063584,0.92466281310212,0.78111753371869,0.910211946050096,0.900963391136802,0.973603082851638,0.76840077071291,0.859152215799615,0.912909441233141,0.879190751445087,0.863005780346821,0.777842003853565,0.869364161849711,0.88728323699422,0.812909441233141,0.848747591522158,0.84971098265896,0.947013487475915,0.869942196531792,0.809633911368015,0.771290944123314,0.873217726396917,0.909441233140655,0.890366088631985,0.91271676300578,0.888824662813102,0.952793834296724,0.807129094412331,0.814258188824663,0.907707129094412,0.909441233140655,0.932177263969171,0.917726396917148,0.943352601156069,0.940847784200385,0.923699421965318,0.899421965317919,0.902697495183044,0.947398843930636,0.796146435452794,0.913680154142582,0.899421965317919,0.938535645472062,0.832177263969171,0.866473988439306,0.905202312138728,0.914643545279383,0.88092485549133,0.92485549132948,0.93102119460501,0.909441233140655,0.909633911368015,0.892870905587669,0.86897880539499,0.914836223506744,0.845472061657033,0.906936416184971,0.876878612716763,0.92485549132948,0.86897880539499,0.933911368015414,0.952408477842004,0.789210019267823,0.885934489402697,0.903275529865125,0.935452793834297,0.782273603082852,0.863583815028902,0.954335260115607,0.915221579961464,0.897495183044316,0.9121387283237,0.890173410404624,0.797109826589595,0.759344894026975,0.897109826589595,0.938150289017341,0.908863198458574,0.926396917148362,0.880732177263969,0.93757225433526,0.905780346820809,0.898651252408478,0.818111753371869,0.863583815028902,0.884971098265896,0.927552986512524,0.932947976878613,0.895568400770713
R-003,0.927167630057803,0.835452793834297,0,0.977071290944123,0.947013487475915,0.98747591522158,0.94373795761079,0.97514450867052,0.784778420038536,0.823506743737958,0.736801541425819,0.845279383429672,0.984007707129094,0.963005780346821,0.908477842003854,0.990751445086705,0.886897880539499,0.942196531791908,0.946050096339114,0.938921001926782,0.872639691714836,0.928323699421965,0.882273603082852,0.836223506743738,0.949325626204239,0.98747591522158,0.984007707129094,0.84354527938343,0.975529865125241,0.954720616570328,0.910019267822736,0.960693641618497,0.942003853564547,0.93776493256262,0.958766859344894,0.927167630057803,0.871483622350674,0.90655105973025,0.927360308285164,0.91868978805395,0.800578034682081,0.990173410404624,0.936801541425819,0.893063583815029,0.978034682080925,0.86859344894027,0.920423892100193,0.954913294797688,0.970134874759152,0.949325626204239,0.71868978805395,0.952215799614644,0.852601156069364,0.96897880539499,0.954527938342967,0.990751445086705,0.950481695568401,0.970712909441233,0.927167630057803,0.793256262042389,0.946435452793834,0.841618497109827,1,0.936416184971098,0.992485549132948,0.834489402697495,0.925433526011561,0.945857418111753,0.916955684007707,0.91849710982659,0.899614643545279,0.770520231213873,0.951830443159923,0.858766859344894,0.845664739884393,0.935452793834297,0.957418111753372,0.895761078998073,0.847976878612717,0.919460500963391,0.939691714836223,0.940077071290944,0.798843930635838,0.949518304431599,0.859344894026975,0.971483622350674,0.941618497109827,0.812909441233141,0.936416184971098,0.92504816955684,0.984200385356455,0.949132947976879,0.942581888246628,0.988631984585742,0.943352601156069,0.980346820809249,0.989595375722543,0.96897880539499,0.771676300578035,0.945472061657033,0.830443159922929,0.94971098265896,0.934104046242775,0.849518304431599,0.942581888246628,0.928131021194605,0.805394990366089,0.954142581888247,0.936994219653179,0.759152215799615,0.913680154142582,0.930443159922929,0.792870905587669,0.955491329479769,0.880154142581888,0.955105973025048,0.950674373795761,0.931984585741811,0.902697495183044,0.942003853564547,0.95645472061657,0.871483622350674,0.673410404624277,0.891329479768786,0.978034682080925,0.891329479768786,0.779190751445087,0.986319845857418,0.972447013487476,0.936223506743738,0.886512524084778,0.928901734104046,0.898073217726397,0.841811175337187,0.932755298651252,0.966088631984586,0.958959537572254,0.947591522157996,0.902312138728324,0.953564547206166,0.780346820809249,0.865317919075145,0.895375722543353,0.929094412331407,0.926011560693642,0.974373795761079,0.964739884393064,0.895568400770713
R-005,0.845279383429672,0.964161849710983,0.977071290944123,0,0.940655105973025,0.925626204238921,0.832755298651252,0.911368015414258,0.919267822736031,0.951637764932563,0.983815028901734,0.764739884393064,0.790558766859345,0.864932562620424,0.879383429672447,0.834104046242775,0.958959537572254,0.679768786127168,0.730635838150289,0.858381502890173,0.959537572254335,0.759730250481696,0.989788053949904,0.919460500963391,0.87495183044316,0.678998073217726,0.833140655105973,0.989210019267823,0.700385356454721,0.850674373795761,0.732369942196532,0.824084778420039,0.707514450867052,0.930635838150289,0.840077071290944,0.847976878612717,0.935260115606936,0.93718689788054,0.913487475915222,0.877842003853565,0.939306358381503,0.783622350674374,0.70597302504817,0.811368015414258,0.915414258188825,0.989402697495183,0.91233140655106,0.84393063583815,0.933140655105973,0.847398843930636,0.98111753371869,0.717533718689788,0.967244701348748,0.828516377649326,0.834104046242775,0.978998073217726,0.847206165703276,0.598651252408478,0.853179190751445,0.9121387283237,0.964932562620424,0.879768786127168,0.820423892100193,0.695375722543353,0.945086705202312,0.973603082851638,0.826396917148362,0.702697495183044,0.972639691714836,0.931791907514451,0.901541425818882,0.989017341040462,0.882658959537572,0.983815028901734,0.988246628131021,0.918304431599229,0.671483622350674,0.902504816955684,0.925818882466281,0.979576107899807,0.86242774566474,0.648169556840077,0.989210019267823,0.845472061657033,0.93718689788054,0.922928709055877,0.962042389210019,0.979768786127168,0.665510597302505,0.635260115606936,0.835838150289017,0.717148362235067,0.96878612716763,0.704624277456647,0.699614643545279,0.938150289017341,0.797495183044316,0.901926782273603,0.972254335260116,0.90635838150289,0.942196531791908,0.916763005780347,0.856647398843931,0.956840077071291,0.866666666666667,0.655298651252408,0.950867052023121,0.776685934489403,0.667437379576108,0.96242774566474,0.880154142581888,0.9626204238921,0.897687861271676,0.810019267822736,0.89364161849711,0.875529865125241,0.877263969171484,0.950674373795761,0.820809248554913,0.715414258188825,0.919653179190751,0.979961464354528,0.973988439306358,0.991714836223507,0.680539499036609,0.877456647398844,0.989788053949904,0.681888246628131,0.771676300578035,0.673217726396917,0.95009633911368,0.892870905587669,0.98747591522158,0.966281310211946,0.886512524084778,0.709248554913295,0.858766859344894,0.689210019267823,0.923314065510597,0.90655105973025,0.965510597302505,0.91849710982659,0.813872832369942,0.967437379576108,0.976300578034682,0.935452793834297,0.828131021194605,0.903660886319846
R-007,0.915221579961464,0.927360308285164,0.947013487475915,0.940655105973025,0,0.845279383429672,0.913680154142582,0.953564547206166,0.865895953757225,0.957225433526012,0.945472061657033,0.867630057803468,0.896724470134875,0.891136801541426,0.91868978805395,0.89383429672447,0.874566473988439,0.927745664739884,0.934489402697495,0.938342967244701,0.941811175337187,0.900963391136802,0.957418111753372,0.926396917148362,0.895761078998073,0.930443159922929,0.914065510597302,0.964161849710983,0.900578034682081,0.932177263969171,0.946435452793834,0.89402697495183,0.921579961464355,0.894990366088632,0.934682080924855,0.889980732177264,0.932177263969171,0.892678227360308,0.894990366088632,0.886897880539499,0.948554913294798,0.923506743737958,0.911946050096339,0.910404624277457,0.878805394990366,0.954527938342967,0.91888246628131,0.825818882466281,0.889595375722543,0.901156069364162,0.947013487475915,0.932562620423892,0.945086705202312,0.922350674373796,0.876300578034682,0.944894026974952,0.914836223506744,0.928323699421965,0.889210019267823,0.940462427745665,0.945664739884393,0.900963391136802,0.928709055876686,0.919845857418112,0.9121387283237,0.91252408477842,0.859152215799615,0.91907514450867,0.96223506743738,0.893063583815029,0.917726396917148,0.947398843930636,0.91271676300578,0.951830443159923,0.957418111753372,0.907129094412331,0.928516377649326,0.845664739884393,0.921001926782274,0.958188824662813,0.895761078998073,0.937957610789981,0.95645472061657,0.86840077071291,0.873988439306358,0.81252408477842,0.940269749518304,0.942967244701349,0.923699421965318,0.895568400770713,0.882273603082852,0.900385356454721,0.931984585741811,0.926011560693642,0.925433526011561,0.979383429672447,0.895375722543353,0.911753371868979,0.947591522157996,0.93140655105973,0.954142581888247,0.865317919075145,0.9121387283237,0.916184971098266,0.920616570327553,0.901156069364162,0.943352601156069,0.914258188824663,0.915221579961464,0.933140655105973,0.9121387283237,0.854527938342967,0.924084778420039,0.904816955684008,0.84412331406551,0.865125240847784,0.861849710982659,0.870905587668593,0.888053949903661,0.893063583815029,0.936223506743738,0.952023121387283,0.947784200385356,0.977263969171484,0.925818882466281,0.923892100192678,0.954142581888247,0.936416184971098,0.91233140655106,0.892100192678227,0.95626204238921,0.836416184971098,0.98111753371869,0.938150289017341,0.88150289017341,0.909633911368015,0.878420038535645,0.910211946050096,0.845086705202312,0.86281310211946,0.939499036608863,0.827938342967245,0.888824662813102,0.954335260115607,0.906743737957611,0.873025048169557,0.861849710982659,0.786512524084778
R-008,0.951252408477842,0.96281310211946,0.98747591522158,0.925626204238921,0.845279383429672,0,0.842967244701349,0.955105973025048,0.901348747591522,0.984393063583815,0.976493256262042,0.871676300578035,0.852986512524085,0.911946050096339,0.91849710982659,0.88131021194605,0.923699421965318,0.926974951830443,0.959152215799615,0.952023121387283,0.973025048169557,0.927167630057803,0.984007707129094,0.942389210019268,0.881695568400771,0.932369942196532,0.9373795761079,0.960886319845857,0.897302504816956,0.929094412331407,0.954913294797688,0.892678227360308,0.922543352601156,0.877071290944123,0.903468208092486,0.891329479768786,0.941040462427746,0.947784200385356,0.926204238921002,0.933140655105973,0.988631984585742,0.91868978805395,0.934296724470135,0.923314065510597,0.90655105973025,0.991329479768786,0.928709055876686,0.876878612716763,0.923892100192678,0.852215799614644,0.982466281310212,0.936801541425819,0.98728323699422,0.938342967244701,0.863391136801541,0.944123314065511,0.95626204238921,0.919267822736031,0.865510597302505,0.98092485549133,0.951252408477842,0.924084778420039,0.870327552986513,0.9121387283237,0.872447013487476,0.92485549132948,0.901156069364162,0.944894026974952,0.974373795761079,0.922543352601156,0.910982658959538,0.977456647398844,0.886512524084778,0.969364161849711,0.983815028901734,0.952408477842004,0.91907514450867,0.861271676300578,0.929287090558767,0.978612716763006,0.833333333333333,0.932369942196532,0.980539499036609,0.843352601156069,0.929672447013488,0.846435452793834,0.951252408477842,0.976878612716763,0.936608863198459,0.911368015414258,0.854335260115607,0.921387283236994,0.926782273603083,0.92504816955684,0.952986512524085,0.991329479768786,0.873410404624277,0.936416184971098,0.98131021194605,0.963391136801541,0.965510597302505,0.91252408477842,0.90616570327553,0.942196531791908,0.92504816955684,0.910019267822736,0.985549132947977,0.936608863198459,0.932562620423892,0.982273603082852,0.938535645472062,0.89344894026975,0.908863198458574,0.863198458574181,0.842967244701349,0.879383429672447,0.811560693641619,0.935838150289017,0.900963391136802,0.890751445086705,0.935452793834297,0.980732177263969,0.992678227360308,0.989402697495183,0.90616570327553,0.909826589595376,0.982851637764933,0.933333333333333,0.915799614643545,0.932369942196532,0.985356454720617,0.871290944123314,0.994412331406551,0.983044315992293,0.898651252408478,0.912909441233141,0.897880539499037,0.914065510597302,0.811560693641619,0.90019267822736,0.978420038535646,0.851830443159923,0.866666666666667,0.986127167630058,0.917533718689788,0.870905587668593,0.895183044315992,0.851252408477842
R-012,0.901541425818882,0.85626204238921,0.94373795761079,0.832755298651252,0.913680154142582,0.842967244701349,0,0.929094412331407,0.936030828516378,0.975915221579961,0.96281310211946,0.761464354527938,0.729287090558767,0.88728323699422,0.767437379576108,0.565125240847784,0.948169556840077,0.80655105973025,0.9252408477842,0.897302504816956,0.932947976878613,0.830250481695568,0.964739884393064,0.887861271676301,0.763391136801541,0.876107899807322,0.900578034682081,0.959922928709056,0.776685934489403,0.841618497109827,0.906743737957611,0.833911368015414,0.873410404624277,0.897880539499037,0.757418111753372,0.678612716763006,0.910982658959538,0.905780346820809,0.914258188824663,0.871676300578035,0.975722543352601,0.86840077071291,0.869749518304432,0.757996146435453,0.917341040462428,0.973410404624277,0.84412331406551,0.892678227360308,0.886127167630058,0.56242774566474,0.956647398843931,0.860500963391137,0.978805394990366,0.822543352601156,0.83121387283237,0.965895953757225,0.930250481695568,0.858188824662813,0.664161849710983,0.935838150289017,0.95606936416185,0.836608863198459,0.695761078998073,0.821387283236994,0.905587668593449,0.948747591522158,0.841425818882466,0.886127167630058,0.965317919075145,0.897687861271676,0.818111753371869,0.961271676300578,0.79402697495183,0.951445086705202,0.972832369942197,0.906936416184971,0.780539499036609,0.863391136801541,0.90655105973025,0.942196531791908,0.61252408477842,0.85028901734104,0.963198458574181,0.794605009633911,0.936994219653179,0.894605009633911,0.876878612716763,0.945664739884393,0.864161849710983,0.852793834296725,0.685934489402698,0.845857418111753,0.916955684007707,0.8626204238921,0.886705202312139,0.93776493256262,0.684393063583815,0.927552986512524,0.932369942196532,0.914836223506744,0.95009633911368,0.925818882466281,0.762042389210019,0.921001926782274,0.872639691714836,0.828323699421965,0.969556840077071,0.886319845857418,0.85626204238921,0.975915221579961,0.911753371868979,0.946050096339114,0.834874759152216,0.735838150289017,0.821001926782274,0.796531791907514,0.725818882466281,0.920616570327553,0.813487475915222,0.701926782273603,0.920809248554913,0.959730250481696,0.965125240847784,0.969364161849711,0.758574181117534,0.774566473988439,0.96242774566474,0.852793834296725,0.671868978805395,0.848747591522158,0.969942196531792,0.853949903660886,0.952793834296724,0.905587668593449,0.873025048169557,0.810404624277457,0.863391136801541,0.858959537572254,0.814836223506744,0.899229287090559,0.970905587668593,0.882658959537572,0.738921001926782,0.93776493256262,0.939691714836223,0.928516377649326,0.857610789980732,0.891907514450867
R-013,0.754527938342967,0.951252408477842,0.97514450867052,0.911368015414258,0.953564547206166,0.955105973025048,0.929094412331407,0,0.974373795761079,0.955298651252408,0.961849710982659,0.93121387283237,0.943352601156069,0.970327552986513,0.934682080924855,0.945857418111753,0.961464354527938,0.820616570327553,0.92485549132948,0.728323699421965,0.953564547206166,0.877842003853565,0.96859344894027,0.900385356454721,0.942967244701349,0.922928709055877,0.786512524084778,0.885163776493256,0.804624277456647,0.931791907514451,0.914065510597302,0.792292870905588,0.934104046242775,0.946820809248555,0.949518304431599,0.922157996146435,0.956840077071291,0.91907514450867,0.972832369942197,0.817919075144509,0.942774566473988,0.865895953757225,0.931984585741811,0.908863198458574,0.974181117533719,0.977263969171484,0.948169556840077,0.960693641618497,0.946820809248555,0.927552986512524,0.977649325626204,0.888246628131021,0.936801541425819,0.872254335260116,0.961657032755299,0.959344894026975,0.727745664739884,0.889980732177264,0.933911368015414,0.91252408477842,0.963776493256262,0.913487475915222,0.950481695568401,0.888246628131021,0.972447013487476,0.972061657032755,0.888439306358382,0.94354527938343,0.852601156069364,0.96859344894027,0.94354527938343,0.963583815028902,0.945472061657033,0.895568400770713,0.975722543352601,0.912909441233141,0.90597302504817,0.957418111753372,0.898843930635838,0.978227360308285,0.92504816955684,0.81233140655106,0.951445086705202,0.945664739884393,0.966473988439306,0.953949903660886,0.949132947976879,0.957225433526012,0.900963391136802,0.918304431599229,0.941425818882466,0.874181117533719,0.971098265895954,0.742196531791907,0.940655105973025,0.866859344894027,0.947976878612717,0.980539499036609,0.906936416184971,0.636608863198459,0.935260115606936,0.953757225433526,0.810982658959538,0.973988439306358,0.969556840077071,0.895183044315992,0.944894026974952,0.925818882466281,0.903468208092486,0.957996146435453,0.716184971098266,0.970905587668593,0.942967244701349,0.936608863198459,0.950674373795761,0.921194605009634,0.938921001926782,0.939691714836223,0.841618497109827,0.852023121387283,0.965510597302505,0.976300578034682,0.965703275529865,0.984393063583815,0.888053949903661,0.902504816955684,0.947976878612717,0.903853564547206,0.908863198458574,0.896724470134875,0.951830443159923,0.9252408477842,0.989595375722543,0.87533718689788,0.962042389210019,0.863776493256262,0.827167630057803,0.940462427745665,0.961464354527938,0.951059730250482,0.945472061657033,0.968208092485549,0.941233140655106,0.911368015414258,0.970712909441233,0.977263969171484,0.794605009633911,0.958188824662813
R-014,0.935838150289017,0.875915221579961,0.784778420038536,0.919267822736031,0.865895953757225,0.901348747591522,0.936030828516378,0.974373795761079,0,0.84990366088632,0.761657032755299,0.842774566473988,0.894219653179191,0.864932562620424,0.921194605009634,0.95626204238921,0.856840077071291,0.940269749518304,0.939113680154143,0.939884393063584,0.892678227360308,0.884778420038536,0.862042389210019,0.856647398843931,0.907899807321773,0.921772639691715,0.965125240847784,0.857610789980732,0.96281310211946,0.947398843930636,0.87533718689788,0.934489402697495,0.878998073217726,0.942389210019268,0.934682080924855,0.9121387283237,0.892485549132948,0.877071290944123,0.87533718689788,0.910404624277457,0.847976878612717,0.964161849710983,0.915992292870906,0.898843930635838,0.921579961464355,0.891329479768786,0.915414258188825,0.863391136801541,0.94354527938343,0.933718689788054,0.803275529865125,0.909633911368015,0.845664739884393,0.957803468208092,0.883044315992293,0.980154142581888,0.940655105973025,0.901734104046243,0.898265895953757,0.866088631984586,0.897109826589595,0.84971098265896,0.958381502890173,0.932369942196532,0.929287090558767,0.795375722543353,0.897109826589595,0.905587668593449,0.907707129094412,0.860308285163776,0.90019267822736,0.795568400770713,0.938535645472062,0.843159922928709,0.865895953757225,0.911753371868979,0.948362235067437,0.839499036608863,0.860500963391137,0.932369942196532,0.93718689788054,0.899229287090559,0.833718689788054,0.913294797687861,0.802697495183044,0.903660886319846,0.926974951830443,0.857032755298651,0.903853564547206,0.876685934489403,0.949132947976879,0.926589595375722,0.935260115606936,0.9626204238921,0.916377649325626,0.960693641618497,0.939306358381503,0.902504816955684,0.841233140655106,0.963005780346821,0.858188824662813,0.869556840077071,0.911946050096339,0.832562620423892,0.88111753371869,0.866473988439306,0.832562620423892,0.913487475915222,0.916377649325626,0.801541425818882,0.93121387283237,0.856647398843931,0.801348747591522,0.914836223506744,0.873603082851638,0.932177263969171,0.91252408477842,0.921965317919075,0.894797687861272,0.931984585741811,0.93121387283237,0.881695568400771,0.803853564547206,0.93757225433526,0.960308285163777,0.903275529865125,0.839306358381503,0.911368015414258,0.935067437379576,0.859152215799615,0.900770712909441,0.894219653179191,0.94354527938343,0.882080924855491,0.870712909441233,0.940655105973025,0.942389210019268,0.936223506743738,0.853179190751445,0.91252408477842,0.814643545279383,0.813680154142582,0.884200385356455,0.90635838150289,0.901541425818882,0.896146435452794,0.93776493256262,0.827938342967245
R-015,0.929865125240848,0.93140655105973,0.823506743737958,0.951637764932563,0.957225433526012,0.984393063583815,0.975915221579961,0.955298651252408,0.84990366088632,0,0.821965317919075,0.924470134874759,0.98092485549133,0.983236994219653,0.960693641618497,0.98766859344894,0.921579961464355,0.939884393063584,0.936608863198459,0.910404624277457,0.862042389210019,0.895568400770713,0.903275529865125,0.797495183044316,0.959730250481696,0.972061657032755,0.961464354527938,0.797495183044316,0.953179190751445,0.984200385356455,0.850867052023121,0.934874759152216,0.912909441233141,0.96897880539499,0.980539499036609,0.961078998073218,0.91888246628131,0.845664739884393,0.975529865125241,0.895761078998073,0.59402697495183,0.966473988439306,0.936223506743738,0.907129094412331,0.979383429672447,0.87533718689788,0.944315992292871,0.967630057803468,0.988246628131021,0.974181117533719,0.806743737957611,0.90635838150289,0.823121387283237,0.960693641618497,0.978805394990366,1,0.907899807321773,0.960693641618497,0.957418111753372,0.742389210019268,0.97514450867052,0.78131021194605,0.997880539499037,0.944315992292871,0.984007707129094,0.863583815028902,0.925626204238921,0.888631984585742,0.823121387283237,0.976107899807322,0.953757225433526,0.89364161849711,0.989595375722543,0.847784200385356,0.854527938342967,0.900385356454721,0.920231213872832,0.932755298651252,0.798651252408478,0.97495183044316,0.992870905587669,0.884778420038536,0.867822736030828,0.975722543352601,0.86878612716763,0.965510597302505,0.964547206165703,0.836994219653179,0.939884393063584,0.84990366088632,0.988824662813102,0.935838150289017,0.963583815028902,0.974373795761079,0.934874759152216,0.929287090558767,0.994219653179191,0.973410404624277,0.789017341040462,0.946050096339114,0.733333333333333,0.970905587668593,0.875529865125241,0.89364161849711,0.969749518304432,0.818304431599229,0.668015414258189,0.91868978805395,0.896531791907514,0.740462427745665,0.842967244701349,0.929672447013488,0.857996146435453,0.974181117533719,0.968208092485549,0.984778420038536,0.957610789980732,0.963776493256262,0.871483622350674,0.929865125240848,0.978227360308285,0.880539499036609,0.827360308285164,0.960886319845857,0.967437379576108,0.880154142581888,0.857418111753372,0.954913294797688,0.938150289017341,0.880539499036609,0.792678227360308,0.938728323699422,0.991329479768786,0.869556840077071,0.966281310211946,0.945279383429672,0.969749518304432,0.963391136801541,0.91271676300578,0.951059730250482,0.59980732177264,0.892100192678227,0.961657032755299,0.852408477842004,0.968015414258189,0.981695568400771,0.916763005780347,0.929865125240848
R-016,0.936801541425819,0.877263969171484,0.736801541425819,0.983815028901734,0.945472061657033,0.976493256262042,0.96281310211946,0.961849710982659,0.761657032755299,0.821965317919075,0,0.872447013487476,0.976685934489403,0.971676300578035,0.939691714836223,0.988824662813102,0.860500963391137,0.954142581888247,0.958959537572254,0.941811175337187,0.895761078998073,0.928131021194605,0.84990366088632,0.84971098265896,0.951830443159923,0.990751445086705,0.977071290944123,0.767244701348748,0.977842003853565,0.971290944123314,0.870327552986513,0.959730250481696,0.95009633911368,0.933718689788054,0.978034682080925,0.947206165703276,0.896146435452794,0.889595375722543,0.948747591522158,0.922350674373796,0.821965317919075,0.987090558766859,0.940655105973025,0.933718689788054,0.951445086705202,0.83776493256262,0.9252408477842,0.953564547206166,0.972447013487476,0.957803468208092,0.747206165703276,0.949132947976879,0.796724470134875,0.972447013487476,0.967244701348748,0.980732177263969,0.936030828516378,0.958574181117534,0.929287090558767,0.836030828516378,0.922928709055877,0.861849710982659,1,0.940847784200385,0.994219653179191,0.833140655105973,0.924470134874759,0.944701348747591,0.865317919075145,0.954335260115607,0.928323699421965,0.694219653179191,0.967822736030828,0.807707129094412,0.832369942196532,0.930828516377649,0.956840077071291,0.909633911368015,0.861078998073218,0.941811175337187,0.969556840077071,0.926782273603083,0.723506743737958,0.956647398843931,0.827167630057803,0.965895953757225,0.955491329479769,0.815799614643545,0.952215799614644,0.91868978805395,0.985934489402697,0.947206165703276,0.94990366088632,0.988053949903661,0.93121387283237,0.973795761078998,0.990558766859345,0.971098265895954,0.773795761078998,0.959730250481696,0.826204238921002,0.93102119460501,0.902119460500963,0.877456647398844,0.959537572254335,0.911753371868979,0.813680154142582,0.964547206165703,0.947398843930636,0.777263969171484,0.918111753371869,0.902504816955684,0.785741811175337,0.964739884393064,0.917726396917148,0.96897880539499,0.957803468208092,0.933911368015414,0.914450867052023,0.951830443159923,0.965317919075145,0.873603082851638,0.747206165703276,0.930250481695568,0.972254335260116,0.904431599229287,0.744894026974952,0.983044315992293,0.96281310211946,0.91849710982659,0.88131021194605,0.928516377649326,0.952023121387283,0.865510597302505,0.95028901734104,0.963005780346821,0.967244701348748,0.959922928709056,0.904238921001927,0.945086705202312,0.765703275529865,0.861849710982659,0.934104046242775,0.911560693641619,0.940077071290944,0.978034682080925,0.96281310211946,0.892292870905588
R-017,0.803660886319846,0.813680154142582,0.845279383429672,0.764739884393064,0.867630057803468,0.871676300578035,0.761464354527938,0.93121387283237,0.842774566473988,0.924470134874759,0.872447013487476,0,0.751252408477842,0.827938342967245,0.793256262042389,0.78728323699422,0.875722543352601,0.739691714836224,0.751637764932563,0.878805394990366,0.895568400770713,0.813487475915222,0.910982658959538,0.841040462427746,0.853371868978805,0.773025048169557,0.841811175337187,0.900385356454721,0.740269749518304,0.738728323699422,0.749518304431599,0.817148362235067,0.783815028901734,0.871098265895954,0.739499036608863,0.778998073217726,0.861849710982659,0.859922928709056,0.841233140655106,0.836030828516378,0.903660886319846,0.797495183044316,0.728323699421965,0.758574181117534,0.894412331406551,0.932947976878613,0.836030828516378,0.766473988439306,0.841811175337187,0.745857418111753,0.882466281310212,0.789595375722543,0.9121387283237,0.847784200385356,0.722157996146435,0.961657032755299,0.842967244701349,0.74373795761079,0.747976878612717,0.867244701348748,0.930250481695568,0.803468208092486,0.73718689788054,0.709055876685935,0.916763005780347,0.876107899807322,0.820809248554913,0.757996146435453,0.929287090558767,0.857418111753372,0.799421965317919,0.865510597302505,0.795953757225433,0.908285163776493,0.903082851637765,0.890944123314065,0.719267822736031,0.809248554913295,0.857610789980732,0.89383429672447,0.743159922928709,0.752215799614644,0.903660886319846,0.720038535645472,0.853179190751445,0.870905587668593,0.885356454720617,0.873025048169557,0.74971098265896,0.712138728323699,0.770520231213873,0.740462427745665,0.905202312138728,0.757032755298651,0.755684007707129,0.930250481695568,0.726011560693642,0.863776493256262,0.841425818882466,0.86859344894027,0.885163776493256,0.871483622350674,0.837957610789981,0.854335260115607,0.809826589595376,0.744508670520231,0.903660886319846,0.810404624277457,0.751830443159923,0.879768786127168,0.846435452793834,0.898651252408478,0.800385356454721,0.703082851637765,0.764547206165703,0.773795761078998,0.769556840077071,0.870712909441233,0.819653179190751,0.709826589595376,0.867052023121387,0.911946050096339,0.878227360308285,0.938728323699422,0.708092485549133,0.793256262042389,0.895375722543353,0.782273603082852,0.798265895953757,0.73140655105973,0.918111753371869,0.80019267822736,0.92466281310212,0.858381502890173,0.817533718689788,0.709826589595376,0.796917148362235,0.678612716763006,0.810019267822736,0.854913294797688,0.897109826589595,0.80597302504817,0.630635838150289,0.927938342967245,0.897302504816956,0.898843930635838,0.815414258188825,0.815414258188825
R-018,0.928323699421965,0.90655105973025,0.984007707129094,0.790558766859345,0.896724470134875,0.852986512524085,0.729287090558767,0.943352601156069,0.894219653179191,0.98092485549133,0.976685934489403,0.751252408477842,0,0.809055876685934,0.833333333333333,0.723121387283237,0.933526011560694,0.858574181117534,0.883622350674374,0.903853564547206,0.954913294797688,0.809633911368015,0.955298651252408,0.934296724470135,0.813680154142582,0.816377649325626,0.916184971098266,0.98747591522158,0.819267822736031,0.853949903660886,0.917533718689788,0.854335260115607,0.835838150289017,0.905587668593449,0.714258188824663,0.779190751445087,0.923892100192678,0.908477842003854,0.867437379576108,0.877842003853565,0.97514450867052,0.86223506743738,0.8626204238921,0.806936416184971,0.904046242774566,0.98092485549133,0.849132947976879,0.859537572254335,0.868208092485549,0.709633911368015,0.951445086705202,0.85626204238921,0.961271676300578,0.848169556840077,0.743352601156069,0.966281310211946,0.918304431599229,0.814643545279383,0.73121387283237,0.963005780346821,0.973988439306358,0.885741811175337,0.696339113680154,0.847976878612717,0.905780346820809,0.940655105973025,0.850481695568401,0.857610789980732,0.973410404624277,0.895761078998073,0.851637764932563,0.974566473988439,0.798458574181118,0.956647398843931,0.94373795761079,0.90597302504817,0.821579961464355,0.860693641618497,0.933911368015414,0.947013487475915,0.727552986512524,0.841233140655106,0.980732177263969,0.751830443159923,0.907707129094412,0.880539499036609,0.91252408477842,0.977263969171484,0.849132947976879,0.823699421965318,0.730828516377649,0.873410404624277,0.947784200385356,0.8626204238921,0.890173410404624,0.952793834296724,0.710404624277457,0.834489402697495,0.965125240847784,0.920809248554913,0.968208092485549,0.88766859344894,0.815606936416185,0.947591522157996,0.798073217726397,0.803275529865125,0.969749518304432,0.855684007707129,0.826589595375723,0.980154142581888,0.899036608863198,0.936030828516378,0.870905587668593,0.727938342967245,0.85606936416185,0.790558766859345,0.760500963391137,0.933526011560694,0.832369942196532,0.769556840077071,0.911368015414258,0.962042389210019,0.979383429672447,0.97533718689788,0.791329479768786,0.831984585741811,0.965125240847784,0.794605009633911,0.776878612716763,0.815414258188825,0.959152215799615,0.829479768786127,0.971098265895954,0.965125240847784,0.84354527938343,0.824277456647399,0.839306358381503,0.815414258188825,0.850481695568401,0.89402697495183,0.980732177263969,0.838150289017341,0.717533718689788,0.967244701348748,0.945857418111753,0.89980732177264,0.861849710982659,0.860693641618497
R-019,0.942967244701349,0.93102119460501,0.963005780346821,0.864932562620424,0.891136801541426,0.911946050096339,0.88728323699422,0.970327552986513,0.864932562620424,0.983236994219653,0.971676300578035,0.827938342967245,0.809055876685934,0,0.894605009633911,0.873603082851638,0.919653179190751,0.896917148362235,0.877071290944123,0.944315992292871,0.945664739884393,0.870905587668593,0.965510597302505,0.929287090558767,0.914258188824663,0.85009633911368,0.926204238921002,0.98150289017341,0.884971098265896,0.871676300578035,0.9373795761079,0.890173410404624,0.798651252408478,0.899421965317919,0.858381502890173,0.877842003853565,0.927938342967245,0.926204238921002,0.744701348747592,0.909633911368015,0.97533718689788,0.908285163776493,0.83121387283237,0.890751445086705,0.890751445086705,0.977456647398844,0.886897880539499,0.819267822736031,0.886512524084778,0.871676300578035,0.972061657032755,0.900963391136802,0.965895953757225,0.901926782273603,0.776878612716763,0.969364161849711,0.946050096339114,0.818111753371869,0.884971098265896,0.969556840077071,0.95645472061657,0.899036608863198,0.868015414258189,0.895953757225434,0.933140655105973,0.953949903660886,0.876685934489403,0.848940269749518,0.978227360308285,0.850481695568401,0.892485549132948,0.973217726396917,0.890366088631985,0.964161849710983,0.974566473988439,0.928131021194605,0.909055876685934,0.895568400770713,0.93757225433526,0.94971098265896,0.879190751445087,0.889788053949904,0.972447013487476,0.852601156069364,0.89402697495183,0.86897880539499,0.909441233140655,0.966859344894027,0.874373795761079,0.842967244701349,0.864547206165703,0.902504816955684,0.943352601156069,0.91907514450867,0.907899807321773,0.951059730250482,0.865703275529865,0.717148362235067,0.971676300578035,0.944315992292871,0.980346820809249,0.836416184971098,0.914065510597302,0.942774566473988,0.71271676300578,0.813872832369942,0.976107899807322,0.864161849710983,0.878420038535645,0.980539499036609,0.933526011560694,0.910404624277457,0.92485549132948,0.855876685934489,0.859922928709056,0.85606936416185,0.850481695568401,0.904816955684008,0.90597302504817,0.871098265895954,0.906743737957611,0.960886319845857,0.970905587668593,0.968208092485549,0.905780346820809,0.916763005780347,0.974373795761079,0.793063583815029,0.897495183044316,0.76878612716763,0.95606936416185,0.838342967244701,0.964739884393064,0.936223506743738,0.779768786127168,0.896917148362235,0.902312138728324,0.836608863198459,0.896531791907514,0.900385356454721,0.980732177263969,0.875915221579961,0.801541425818882,0.961849710982659,0.932177263969171,0.899421965317919,0.904624277456647,0.815606936416185
R-020,0.88766859344894,0.784778420038536,0.908477842003854,0.879383429672447,0.91868978805395,0.91849710982659,0.767437379576108,0.934682080924855,0.921194605009634,0.960693641618497,0.939691714836223,0.793256262042389,0.833333333333333,0.894605009633911,0,0.847013487475915,0.923121387283237,0.858959537572254,0.933911368015414,0.851830443159923,0.857225433526012,0.842196531791908,0.940462427745665,0.859730250481696,0.854720616570328,0.898073217726397,0.935067437379576,0.956840077071291,0.860500963391137,0.827360308285164,0.905202312138728,0.889210019267823,0.904431599229287,0.926204238921002,0.763776493256262,0.804046242774566,0.868208092485549,0.836030828516378,0.905009633911368,0.830828516377649,0.948554913294798,0.926974951830443,0.904046242774566,0.793256262042389,0.901348747591522,0.942389210019268,0.802890173410405,0.933718689788054,0.844894026974952,0.759730250481696,0.92485549132948,0.916955684007707,0.959152215799615,0.827167630057803,0.833140655105973,0.973988439306358,0.920423892100193,0.900385356454721,0.797495183044316,0.909826589595376,0.950674373795761,0.789595375722543,0.789402697495183,0.862042389210019,0.929865125240848,0.902312138728324,0.807321772639692,0.889402697495183,0.935260115606936,0.919653179190751,0.695761078998073,0.940655105973025,0.817533718689788,0.917148362235067,0.948940269749518,0.820038535645472,0.861849710982659,0.832562620423892,0.868208092485549,0.896917148362235,0.788631984585742,0.876493256262042,0.947206165703276,0.840077071290944,0.942581888246628,0.920038535645472,0.765125240847784,0.905780346820809,0.910211946050096,0.87495183044316,0.842581888246628,0.915221579961464,0.938150289017341,0.86840077071291,0.913872832369942,0.925433526011561,0.767630057803468,0.945279383429672,0.912909441233141,0.905009633911368,0.941811175337187,0.953371868978805,0.814643545279383,0.900770712909441,0.848940269749518,0.870134874759152,0.926204238921002,0.878227360308285,0.877071290944123,0.957225433526012,0.891136801541426,0.893063583815029,0.819267822736031,0.809826589595376,0.863776493256262,0.813680154142582,0.807321772639692,0.931599229287091,0.809441233140655,0.836416184971098,0.921579961464355,0.901348747591522,0.934874759152216,0.941618497109827,0.853371868978805,0.771868978805395,0.940269749518304,0.881695568400771,0.800963391136802,0.852601156069364,0.948362235067437,0.869942196531792,0.903660886319846,0.835067437379576,0.897302504816956,0.837957610789981,0.859730250481696,0.863198458574181,0.879190751445087,0.905394990366089,0.946242774566474,0.907707129094412,0.78150289017341,0.891714836223507,0.892485549132948,0.923699421965318,0.877456647398844,0.894412331406551
R-021,0.932755298651252,0.958188824662813,0.990751445086705,0.834104046242775,0.89383429672447,0.88131021194605,0.565125240847784,0.945857418111753,0.95626204238921,0.98766859344894,0.988824662813102,0.78728323699422,0.723121387283237,0.873603082851638,0.847013487475915,0,0.908285163776493,0.867630057803468,0.919267822736031,0.9252408477842,0.983429672447014,0.821965317919075,0.986512524084778,0.94990366088632,0.759537572254335,0.873410404624277,0.922543352601156,0.992485549132948,0.811946050096339,0.878420038535645,0.934682080924855,0.863776493256262,0.908863198458574,0.901156069364162,0.78150289017341,0.656840077071291,0.940269749518304,0.930250481695568,0.893256262042389,0.88747591522158,0.98728323699422,0.880732177263969,0.886512524084778,0.799229287090559,0.893063583815029,0.989210019267823,0.89364161849711,0.8747591522158,0.864161849710983,0.594219653179191,0.985356454720617,0.89980732177264,0.988246628131021,0.825433526011561,0.847398843930636,0.951830443159923,0.931984585741811,0.867630057803468,0.703853564547206,0.989788053949904,0.961271676300578,0.895761078998073,0.713102119460501,0.864161849710983,0.91868978805395,0.978227360308285,0.84393063583815,0.902312138728324,0.98747591522158,0.947398843930636,0.877456647398844,0.989595375722543,0.782273603082852,0.985934489402697,0.988053949903661,0.92485549132948,0.798265895953757,0.852023121387283,0.948362235067437,0.974181117533719,0.677842003853565,0.882080924855491,0.991136801541426,0.803275529865125,0.928516377649326,0.870327552986513,0.928323699421965,0.985741811175337,0.91888246628131,0.870712909441233,0.657225433526012,0.881888246628131,0.94990366088632,0.866281310211946,0.914836223506744,0.971676300578035,0.690366088631985,0.905587668593449,0.990558766859345,0.94393063583815,0.990944123314066,0.912909441233141,0.772061657032755,0.955684007707129,0.872639691714836,0.861464354527938,0.9878612716763,0.89364161849711,0.848362235067437,0.985356454720617,0.921772639691715,0.931599229287091,0.870712909441233,0.773410404624277,0.87495183044316,0.755876685934489,0.784393063583815,0.925626204238921,0.807707129094412,0.710404624277457,0.930635838150289,0.985934489402697,0.988824662813102,0.99383429672447,0.779190751445087,0.829479768786127,0.988824662813102,0.857803468208093,0.635260115606936,0.861464354527938,0.989788053949904,0.806936416184971,0.991907514450867,0.976493256262042,0.899614643545279,0.827938342967245,0.832369942196532,0.852793834296725,0.87495183044316,0.883815028901734,0.989788053949904,0.895183044315992,0.802697495183044,0.984007707129094,0.946820809248555,0.900963391136802,0.870520231213873,0.891136801541426
R-022,0.914643545279383,0.917341040462428,0.886897880539499,0.958959537572254,0.874566473988439,0.923699421965318,0.948169556840077,0.961464354527938,0.856840077071291,0.921579961464355,0.860500963391137,0.875722543352601,0.933526011560694,0.919653179190751,0.923121387283237,0.908285163776493,0,0.938535645472062,0.936801541425819,0.932947976878613,0.935452793834297,0.901156069364162,0.921965317919075,0.897880539499037,0.931599229287091,0.955298651252408,0.942581888246628,0.916955684007707,0.945472061657033,0.955298651252408,0.92504816955684,0.9252408477842,0.932177263969171,0.909441233140655,0.953179190751445,0.922350674373796,0.917726396917148,0.88728323699422,0.914836223506744,0.884971098265896,0.908092485549133,0.961078998073218,0.912909441233141,0.917533718689788,0.882273603082852,0.940269749518304,0.93121387283237,0.879576107899807,0.904816955684008,0.929287090558767,0.903468208092486,0.94990366088632,0.899614643545279,0.913487475915222,0.91849710982659,0.972061657032755,0.901734104046243,0.947398843930636,0.926011560693642,0.9121387283237,0.939306358381503,0.876107899807322,0.966281310211946,0.915221579961464,0.961657032755299,0.918111753371869,0.882466281310212,0.93121387283237,0.928131021194605,0.931984585741811,0.909826589595376,0.882466281310212,0.950867052023121,0.884971098265896,0.929672447013488,0.896146435452794,0.938728323699422,0.870712909441233,0.908092485549133,0.94990366088632,0.934104046242775,0.946050096339114,0.903275529865125,0.904624277456647,0.868015414258189,0.900385356454721,0.936994219653179,0.89344894026975,0.944701348747591,0.897109826589595,0.915992292870906,0.926782273603083,0.92466281310212,0.961271676300578,0.926396917148362,0.964161849710983,0.945086705202312,0.941425818882466,0.907129094412331,0.926974951830443,0.916763005780347,0.903275529865125,0.9121387283237,0.890751445086705,0.927938342967245,0.920231213872832,0.909826589595376,0.932947976878613,0.926589595375722,0.898073217726397,0.913487475915222,0.873217726396917,0.903082851637765,0.934489402697495,0.904238921001927,0.892678227360308,0.911560693641619,0.900963391136802,0.882466281310212,0.921772639691715,0.954335260115607,0.921965317919075,0.901156069364162,0.953564547206166,0.940655105973025,0.927745664739884,0.915992292870906,0.96223506743738,0.921387283236994,0.89344894026975,0.95009633911368,0.879768786127168,0.961849710982659,0.904816955684008,0.916570327552987,0.934104046242775,0.913872832369942,0.938921001926782,0.886127167630058,0.904624277456647,0.901156069364162,0.885549132947977,0.914258188824663,0.936608863198459,0.908477842003854,0.909055876685934,0.921194605009634,0.862042389210019
R-023,0.716763005780347,0.917148362235067,0.942196531791908,0.679768786127168,0.927745664739884,0.926974951830443,0.80655105973025,0.820616570327553,0.940269749518304,0.939884393063584,0.954142581888247,0.739691714836224,0.858574181117534,0.896917148362235,0.858959537572254,0.867630057803468,0.938535645472062,0,0.697495183044316,0.777071290944123,0.873410404624277,0.828901734104046,0.97514450867052,0.866666666666667,0.904238921001927,0.709055876685935,0.716955684007707,0.952408477842004,0.573025048169557,0.847206165703276,0.739691714836224,0.65626204238921,0.750674373795761,0.890558766859345,0.871098265895954,0.853179190751445,0.913872832369942,0.89364161849711,0.925433526011561,0.73776493256262,0.894990366088632,0.709441233140655,0.680732177263969,0.76897880539499,0.932369942196532,0.988246628131021,0.904046242774566,0.856840077071291,0.894990366088632,0.822157996146435,0.967822736030828,0.73776493256262,0.968400770712909,0.748362235067437,0.858959537572254,0.977842003853565,0.752601156069364,0.640655105973025,0.866088631984586,0.879190751445087,0.961078998073218,0.810211946050096,0.839306358381503,0.600770712909441,0.931984585741811,0.950674373795761,0.78747591522158,0.676878612716763,0.932947976878613,0.917726396917148,0.882851637764933,0.940847784200385,0.890558766859345,0.946820809248555,0.983236994219653,0.884200385356455,0.60635838150289,0.890558766859345,0.859344894026975,0.957418111753372,0.822928709055877,0.667437379576108,0.960500963391137,0.855684007707129,0.940655105973025,0.924084778420039,0.930250481695568,0.936994219653179,0.675915221579961,0.654720616570328,0.839306358381503,0.55009633911368,0.927552986512524,0.60597302504817,0.647013487475915,0.825433526011561,0.836801541425819,0.927552986512524,0.917726396917148,0.742003853564547,0.892100192678227,0.951059730250482,0.834874759152216,0.926974951830443,0.869364161849711,0.690558766859345,0.934682080924855,0.795183044315992,0.723314065510597,0.934874759152216,0.780346820809249,0.936801541425819,0.9,0.799614643545279,0.850481695568401,0.836030828516378,0.816955684007707,0.914643545279383,0.806743737957611,0.584007707129094,0.905009633911368,0.957610789980732,0.952793834296724,0.972447013487476,0.610789980732177,0.846820809248555,0.970134874759152,0.678227360308285,0.790751445086705,0.665510597302505,0.947398843930636,0.860886319845857,0.965703275529865,0.851252408477842,0.894797687861272,0.595953757225434,0.823314065510597,0.709633911368015,0.893256262042389,0.899421965317919,0.93757225433526,0.907899807321773,0.803275529865125,0.911946050096339,0.939306358381503,0.948940269749518,0.748940269749518,0.909826589595376
R-024,0.803082851637765,0.939306358381503,0.946050096339114,0.730635838150289,0.934489402697495,0.959152215799615,0.9252408477842,0.92485549132948,0.939113680154143,0.936608863198459,0.958959537572254,0.751637764932563,0.883622350674374,0.877071290944123,0.933911368015414,0.919267822736031,0.936801541425819,0.697495183044316,0,0.872447013487476,0.917726396917148,0.841040462427746,0.976300578034682,0.901734104046243,0.966473988439306,0.713102119460501,0.805009633911368,0.941811175337187,0.735067437379576,0.852793834296725,0.618304431599229,0.870327552986513,0.71868978805395,0.915028901734104,0.894797687861272,0.92466281310212,0.923506743737958,0.897880539499037,0.913102119460501,0.848362235067437,0.89383429672447,0.798843930635838,0.532562620423892,0.859537572254335,0.952601156069364,0.983236994219653,0.938342967244701,0.807514450867052,0.901348747591522,0.91271676300578,0.975915221579961,0.779576107899807,0.939691714836223,0.84354527938343,0.853757225433526,0.979768786127168,0.828709055876686,0.596531791907514,0.923892100192678,0.902504816955684,0.973410404624277,0.892485549132948,0.87514450867052,0.634874759152216,0.971290944123314,0.963776493256262,0.882851637764933,0.523699421965318,0.926974951830443,0.930828516377649,0.915221579961464,0.938728323699422,0.95028901734104,0.947591522157996,0.978612716763006,0.900770712909441,0.6373795761079,0.94354527938343,0.908670520231214,0.95606936416185,0.936030828516378,0.61252408477842,0.968400770712909,0.882080924855491,0.917148362235067,0.95645472061657,0.932177263969171,0.93718689788054,0.615221579961464,0.57514450867052,0.890944123314065,0.639884393063584,0.944508670520231,0.621387283236994,0.560886319845857,0.888053949903661,0.885934489402697,0.881695568400771,0.940655105973025,0.858766859344894,0.924084778420039,0.898458574181118,0.889017341040462,0.938150289017341,0.84354527938343,0.677649325626204,0.91888246628131,0.782273603082852,0.747976878612717,0.938535645472062,0.835067437379576,0.942967244701349,0.966088631984586,0.858766859344894,0.895761078998073,0.898843930635838,0.905394990366089,0.926589595375722,0.86840077071291,0.780539499036609,0.908670520231214,0.957996146435453,0.944508670520231,0.981695568400771,0.621579961464355,0.926589595375722,0.970905587668593,0.673410404624277,0.864739884393064,0.60597302504817,0.921772639691715,0.904238921001927,0.977263969171484,0.891714836223507,0.87533718689788,0.646628131021195,0.879961464354528,0.601926782273603,0.91868978805395,0.922928709055877,0.936416184971098,0.893256262042389,0.841425818882466,0.927360308285164,0.938728323699422,0.948747591522158,0.838921001926782,0.897880539499037
R-025,0.791329479768786,0.903468208092486,0.938921001926782,0.858381502890173,0.938342967244701,0.952023121387283,0.897302504816956,0.728323699421965,0.939884393063584,0.910404624277457,0.941811175337187,0.878805394990366,0.903853564547206,0.944315992292871,0.851830443159923,0.9252408477842,0.932947976878613,0.777071290944123,0.872447013487476,0,0.845472061657033,0.803082851637765,0.94971098265896,0.846242774566474,0.926204238921002,0.88747591522158,0.869749518304432,0.940655105973025,0.804816955684008,0.955876685934489,0.820423892100193,0.755684007707129,0.871676300578035,0.944508670520231,0.905394990366089,0.884971098265896,0.914450867052023,0.834296724470135,0.953179190751445,0.754720616570328,0.909441233140655,0.865895953757225,0.860500963391137,0.801734104046243,0.923506743737958,0.954142581888247,0.88747591522158,0.938342967244701,0.915414258188825,0.915606936416185,0.938342967244701,0.83776493256262,0.944508670520231,0.770712909441233,0.928709055876686,0.973025048169557,0.825433526011561,0.828516377649326,0.901734104046243,0.868015414258189,0.983622350674374,0.787861271676301,0.922543352601156,0.834296724470135,0.96859344894027,0.916377649325626,0.818111753371869,0.842196531791908,0.853179190751445,0.963005780346821,0.868015414258189,0.961271676300578,0.925626204238921,0.924470134874759,0.945279383429672,0.789017341040462,0.848554913294798,0.894605009633911,0.804816955684008,0.945857418111753,0.91888246628131,0.822928709055877,0.948554913294798,0.914065510597302,0.931984585741811,0.917726396917148,0.901156069364162,0.919267822736031,0.828516377649326,0.816763005780347,0.914065510597302,0.812138728323699,0.963198458574181,0.761657032755299,0.854720616570328,0.797302504816956,0.920231213872832,0.957803468208092,0.917148362235067,0.803853564547206,0.920423892100193,0.974373795761079,0.802119460500963,0.934104046242775,0.921579961464355,0.808670520231214,0.868015414258189,0.876685934489403,0.885163776493256,0.928901734104046,0.810404624277457,0.910597302504817,0.892485549132948,0.897880539499037,0.936030828516378,0.911946050096339,0.904046242774566,0.94373795761079,0.760693641618497,0.803853564547206,0.95645472061657,0.919267822736031,0.941040462427746,0.971483622350674,0.847013487475915,0.84393063583815,0.953564547206166,0.870327552986513,0.80616570327553,0.834489402697495,0.941425818882466,0.908092485549133,0.951830443159923,0.785934489402698,0.930443159922929,0.846050096339114,0.890173410404624,0.888824662813102,0.921965317919075,0.93718689788054,0.91252408477842,0.929865125240848,0.890173410404624,0.81888246628131,0.923892100192678,0.947206165703276,0.835838150289017,0.923121387283237
R-026,0.875915221579961,0.825433526011561,0.872639691714836,0.959537572254335,0.941811175337187,0.973025048169557,0.932947976878613,0.953564547206166,0.892678227360308,0.862042389210019,0.895761078998073,0.895568400770713,0.954913294797688,0.945664739884393,0.857225433526012,0.983429672447014,0.935452793834297,0.873410404624277,0.917726396917148,0.845472061657033,0,0.880154142581888,0.913294797687861,0.716763005780347,0.963391136801541,0.926204238921002,0.957225433526012,0.892485549132948,0.916763005780347,0.976493256262042,0.855491329479769,0.932755298651252,0.853179190751445,0.959152215799615,0.958381502890173,0.930250481695568,0.877263969171484,0.792100192678227,0.945664739884393,0.789402697495183,0.851059730250482,0.93776493256262,0.876300578034682,0.753179190751445,0.958188824662813,0.939884393063584,0.867822736030828,0.946242774566474,0.916763005780347,0.940655105973025,0.900963391136802,0.919653179190751,0.918111753371869,0.84354527938343,0.931791907514451,1,0.865510597302505,0.865125240847784,0.942196531791908,0.779961464354528,0.963583815028902,0.692485549132948,0.982080924855491,0.902119460500963,0.981888246628131,0.860308285163776,0.842581888246628,0.842967244701349,0.769364161849711,0.904046242774566,0.860308285163776,0.915606936416185,0.951637764932563,0.871483622350674,0.923699421965318,0.78131021194605,0.946820809248555,0.911946050096339,0.726396917148362,0.897687861271676,0.932755298651252,0.89980732177264,0.909248554913295,0.950867052023121,0.928516377649326,0.972832369942197,0.886512524084778,0.858766859344894,0.88092485549133,0.844508670520231,0.976878612716763,0.915221579961464,0.966859344894027,0.934104046242775,0.903275529865125,0.721001926782274,0.985163776493256,0.96242774566474,0.836416184971098,0.94354527938343,0.878612716763006,0.974566473988439,0.795375722543353,0.884393063583815,0.91233140655106,0.860308285163776,0.819845857418112,0.852793834296725,0.927938342967245,0.891522157996146,0.909248554913295,0.886705202312139,0.897109826589595,0.936223506743738,0.908863198458574,0.944123314065511,0.93776493256262,0.955491329479769,0.823314065510597,0.906936416184971,0.959730250481696,0.853949903660886,0.907129094412331,0.934296724470135,0.956647398843931,0.789788053949904,0.913680154142582,0.903660886319846,0.825818882466281,0.8373795761079,0.871290944123314,0.935645472061657,0.854142581888247,0.622157996146435,0.911753371868979,0.928709055876686,0.941233140655106,0.929287090558767,0.891522157996146,0.95606936416185,0.859152215799615,0.924084778420039,0.865125240847784,0.704624277456647,0.899421965317919,0.959537572254335,0.902890173410405,0.91888246628131
R-027,0.863969171483622,0.907514450867052,0.928323699421965,0.759730250481696,0.900963391136802,0.927167630057803,0.830250481695568,0.877842003853565,0.884778420038536,0.895568400770713,0.928131021194605,0.813487475915222,0.809633911368015,0.870905587668593,0.842196531791908,0.821965317919075,0.901156069364162,0.828901734104046,0.841040462427746,0.803082851637765,0.880154142581888,0,0.949132947976879,0.828901734104046,0.840269749518304,0.80655105973025,0.88728323699422,0.940269749518304,0.79383429672447,0.906936416184971,0.861464354527938,0.828131021194605,0.811368015414258,0.92485549132948,0.832562620423892,0.798651252408478,0.871868978805395,0.830250481695568,0.911560693641619,0.780732177263969,0.899229287090559,0.870712909441233,0.820809248554913,0.763776493256262,0.880732177263969,0.955684007707129,0.851252408477842,0.872447013487476,0.895761078998073,0.830250481695568,0.930635838150289,0.795953757225433,0.907321772639692,0.736994219653179,0.859730250481696,0.968208092485549,0.823506743737958,0.765703275529865,0.829865125240848,0.893256262042389,0.952601156069364,0.78092485549133,0.835452793834297,0.817148362235067,0.942774566473988,0.936030828516378,0.708670520231214,0.800963391136802,0.889017341040462,0.935645472061657,0.851830443159923,0.966666666666667,0.878998073217726,0.931791907514451,0.948362235067437,0.815221579961464,0.812909441233141,0.839306358381503,0.827167630057803,0.946242774566474,0.845086705202312,0.794605009633911,0.953179190751445,0.83776493256262,0.901734104046243,0.898843930635838,0.914065510597302,0.934874759152216,0.807514450867052,0.783622350674374,0.832755298651252,0.840655105973025,0.965317919075145,0.808863198458574,0.84990366088632,0.847013487475915,0.81271676300578,0.919845857418112,0.930828516377649,0.86897880539499,0.888439306358382,0.917148362235067,0.742967244701349,0.936416184971098,0.891136801541426,0.76878612716763,0.885741811175337,0.822928709055877,0.765895953757225,0.910982658959538,0.822157996146435,0.905780346820809,0.852793834296725,0.822928709055877,0.902312138728324,0.859152215799615,0.872061657032755,0.928709055876686,0.692678227360308,0.794605009633911,0.930250481695568,0.915606936416185,0.935452793834297,0.970520231213873,0.798651252408478,0.788631984585742,0.954527938342967,0.79980732177264,0.708285163776493,0.772639691714836,0.898265895953757,0.862042389210019,0.963583815028902,0.858766859344894,0.894990366088632,0.830250481695568,0.838150289017341,0.824470134874759,0.913294797687861,0.889980732177264,0.892485549132948,0.898458574181118,0.819267822736031,0.841618497109827,0.939884393063584,0.910597302504817,0.830828516377649,0.87495183044316
R-028,0.939499036608863,0.859152215799615,0.882273603082852,0.989788053949904,0.957418111753372,0.984007707129094,0.964739884393064,0.96859344894027,0.862042389210019,0.903275529865125,0.84990366088632,0.910982658959538,0.955298651252408,0.965510597302505,0.940462427745665,0.986512524084778,0.921965317919075,0.97514450867052,0.976300578034682,0.94971098265896,0.913294797687861,0.949132947976879,0,0.898265895953757,0.734104046242775,0.997880539499037,0.990751445086705,0.891907514450867,0.989980732177264,0.965703275529865,0.904238921001927,0.957418111753372,0.917148362235067,0.977263969171484,0.974373795761079,0.940269749518304,0.929479768786127,0.903853564547206,0.945472061657033,0.936994219653179,0.905202312138728,0.998073217726397,0.963391136801541,0.942581888246628,0.979190751445087,0.864739884393064,0.895761078998073,0.953371868978805,0.969171483622351,0.95028901734104,0.820423892100193,0.951637764932563,0.869171483622351,0.985549132947977,0.955876685934489,0.987090558766859,0.947398843930636,0.973025048169557,0.921387283236994,0.889595375722543,0.956840077071291,0.90019267822736,0.992678227360308,0.960886319845857,0.997880539499037,0.769171483622351,0.943159922928709,0.95645472061657,0.916184971098266,0.963583815028902,0.927360308285164,0.865125240847784,0.965317919075145,0.819845857418112,0.773410404624277,0.94393063583815,0.963969171483622,0.914836223506744,0.890173410404624,0.929672447013488,0.967244701348748,0.925626204238921,0.884585741811175,0.95606936416185,0.886127167630058,0.954720616570328,0.93718689788054,0.860693641618497,0.958959537572254,0.942774566473988,0.985356454720617,0.958188824662813,0.970520231213873,0.98766859344894,0.942389210019268,0.972639691714836,0.99344894026975,0.968015414258189,0.842196531791908,0.978227360308285,0.90655105973025,0.954527938342967,0.915606936416185,0.897880539499037,0.944315992292871,0.922350674373796,0.902504816955684,0.965125240847784,0.96897880539499,0.875529865125241,0.941811175337187,0.92485549132948,0.867822736030828,0.961657032755299,0.949132947976879,0.963969171483622,0.931984585741811,0.963969171483622,0.933718689788054,0.970520231213873,0.980346820809249,0.856840077071291,0.871483622350674,0.934489402697495,0.98150289017341,0.905780346820809,0.834296724470135,0.986512524084778,0.964354527938343,0.926589595375722,0.897109826589595,0.897109826589595,0.936801541425819,0.895183044315992,0.943352601156069,0.961464354527938,0.971290944123314,0.972254335260116,0.902504816955684,0.946628131021195,0.884393063583815,0.904624277456647,0.935645472061657,0.911175337186898,0.924084778420039,0.965510597302505,0.964932562620424,0.920038535645472
R-043,0.877649325626204,0.801348747591522,0.836223506743738,0.919460500963391,0.926396917148362,0.942389210019268,0.887861271676301,0.900385356454721,0.856647398843931,0.797495183044316,0.84971098265896,0.841040462427746,0.934296724470135,0.929287090558767,0.859730250481696,0.94990366088632,0.897880539499037,0.866666666666667,0.901734104046243,0.846242774566474,0.716763005780347,0.828901734104046,0.898265895953757,0,0.916570327552987,0.926974951830443,0.898073217726397,0.85626204238921,0.84971098265896,0.943159922928709,0.850867052023121,0.852986512524085,0.840655105973025,0.90655105973025,0.914065510597302,0.888053949903661,0.80635838150289,0.747591522157996,0.929865125240848,0.769749518304432,0.7747591522158,0.885934489402697,0.831791907514451,0.721579961464355,0.936030828516378,0.927552986512524,0.838342967244701,0.930635838150289,0.919845857418112,0.915414258188825,0.869364161849711,0.868208092485549,0.881695568400771,0.84971098265896,0.915414258188825,0.983429672447014,0.868015414258189,0.847591522157996,0.894412331406551,0.786705202312139,0.941811175337187,0.583815028901734,0.954335260115607,0.835645472061657,0.961271676300578,0.846435452793834,0.769171483622351,0.83757225433526,0.755298651252408,0.907707129094412,0.839306358381503,0.874181117533719,0.917533718689788,0.841233140655106,0.90655105973025,0.78728323699422,0.88728323699422,0.863391136801541,0.620809248554913,0.88728323699422,0.898265895953757,0.865125240847784,0.892292870905588,0.91888246628131,0.888631984585742,0.935838150289017,0.911560693641619,0.804046242774566,0.874373795761079,0.821965317919075,0.941040462427746,0.854720616570328,0.953371868978805,0.905780346820809,0.89364161849711,0.763198458574181,0.951252408477842,0.954527938342967,0.79402697495183,0.876493256262042,0.833333333333333,0.938342967244701,0.730250481695568,0.882080924855491,0.922736030828516,0.820423892100193,0.796724470134875,0.861271676300578,0.857225433526012,0.812138728323699,0.823121387283237,0.897687861271676,0.848362235067437,0.910019267822736,0.858766859344894,0.923121387283237,0.91907514450867,0.917919075144509,0.73159922928709,0.87514450867052,0.946628131021195,0.847398843930636,0.867822736030828,0.928901734104046,0.904816955684008,0.728901734104046,0.889402697495183,0.90635838150289,0.861271676300578,0.817919075144509,0.883044315992293,0.901734104046243,0.877071290944123,0.69402697495183,0.890944123314065,0.904816955684008,0.882466281310212,0.895375722543353,0.888824662813102,0.921194605009634,0.810404624277457,0.875915221579961,0.845086705202312,0.728901734104046,0.923699421965318,0.935452793834297,0.861657032755299,0.874566473988439
R-057,0.960308285163777,0.94990366088632,0.949325626204239,0.87495183044316,0.895761078998073,0.881695568400771,0.763391136801541,0.942967244701349,0.907899807321773,0.959730250481696,0.951830443159923,0.853371868978805,0.813680154142582,0.914258188824663,0.854720616570328,0.759537572254335,0.931599229287091,0.904238921001927,0.966473988439306,0.926204238921002,0.963391136801541,0.840269749518304,0.734104046242775,0.916570327552987,0,0.919653179190751,0.958574181117534,0.97533718689788,0.882658959537572,0.948554913294798,0.940077071290944,0.906743737957611,0.904046242774566,0.927167630057803,0.845472061657033,0.722350674373796,0.903660886319846,0.939884393063584,0.926396917148362,0.921579961464355,0.957032755298651,0.909633911368015,0.944701348747591,0.810019267822736,0.902697495183044,0.973795761078998,0.869364161849711,0.928323699421965,0.940655105973025,0.773410404624277,0.952023121387283,0.919460500963391,0.940847784200385,0.876300578034682,0.9,0.961078998073218,0.949325626204239,0.907321772639692,0.766088631984586,0.96223506743738,0.962042389210019,0.870327552986513,0.840655105973025,0.892870905587669,0.922543352601156,0.963198458574181,0.867437379576108,0.93121387283237,0.967630057803468,0.956647398843931,0.892100192678227,0.965895953757225,0.804238921001927,0.964932562620424,0.961464354527938,0.921965317919075,0.858381502890173,0.842196531791908,0.9121387283237,0.967822736030828,0.789595375722543,0.897880539499037,0.96878612716763,0.855876685934489,0.940269749518304,0.869942196531792,0.939499036608863,0.959922928709056,0.945857418111753,0.899614643545279,0.788439306358382,0.928709055876686,0.967437379576108,0.891329479768786,0.931599229287091,0.972639691714836,0.805394990366089,0.949325626204239,0.965895953757225,0.946050096339114,0.959152215799615,0.944894026974952,0.810597302504817,0.953757225433526,0.934104046242775,0.86878612716763,0.949325626204239,0.908863198458574,0.869364161849711,0.936223506743738,0.916570327552987,0.933718689788054,0.853949903660886,0.83159922928709,0.900578034682081,0.830057803468208,0.864354527938343,0.936994219653179,0.817533718689788,0.809055876685934,0.967437379576108,0.964739884393064,0.952793834296724,0.974373795761079,0.850674373795761,0.829865125240848,0.96859344894027,0.911753371868979,0.783044315992293,0.911560693641619,0.958188824662813,0.8626204238921,0.990944123314066,0.955876685934489,0.917341040462428,0.885934489402697,0.878805394990366,0.898458574181118,0.922736030828516,0.846628131021195,0.953564547206166,0.895375722543353,0.866088631984586,0.96281310211946,0.957610789980732,0.942389210019268,0.882080924855491,0.891907514450867
R-058,0.843352601156069,0.949325626204239,0.98747591522158,0.678998073217726,0.930443159922929,0.932369942196532,0.876107899807322,0.922928709055877,0.921772639691715,0.972061657032755,0.990751445086705,0.773025048169557,0.816377649325626,0.85009633911368,0.898073217726397,0.873410404624277,0.955298651252408,0.709055876685935,0.713102119460501,0.88747591522158,0.926204238921002,0.80655105973025,0.997880539499037,0.926974951830443,0.919653179190751,0,0.800963391136802,0.984971098265896,0.709633911368015,0.853949903660886,0.798073217726397,0.840847784200385,0.708477842003854,0.921772639691715,0.846242774566474,0.887861271676301,0.939691714836223,0.911753371868979,0.894219653179191,0.838150289017341,0.947206165703276,0.748554913294798,0.672447013487476,0.826396917148362,0.934296724470135,0.998073217726397,0.926589595375722,0.835645472061657,0.901156069364162,0.867822736030828,0.992485549132948,0.745857418111753,0.955684007707129,0.804624277456647,0.797495183044316,0.973988439306358,0.809441233140655,0.651830443159923,0.894412331406551,0.939499036608863,0.976493256262042,0.890751445086705,0.822928709055877,0.73121387283237,0.94393063583815,0.987090558766859,0.844315992292871,0.683044315992293,0.965510597302505,0.917533718689788,0.915799614643545,0.983622350674374,0.892678227360308,0.985741811175337,0.998073217726397,0.89344894026975,0.723506743737958,0.921387283236994,0.92485549132948,0.964547206165703,0.877263969171484,0.703468208092486,0.989017341040462,0.834104046242775,0.942003853564547,0.9252408477842,0.944508670520231,0.979961464354528,0.65606936416185,0.653949903660886,0.85028901734104,0.72504816955684,0.957803468208092,0.750867052023121,0.755491329479769,0.909055876685934,0.832369942196532,0.872639691714836,0.973988439306358,0.865703275529865,0.963969171483622,0.904046242774566,0.882466281310212,0.966473988439306,0.846820809248555,0.69383429672447,0.960500963391137,0.731984585741811,0.681888246628131,0.967822736030828,0.853179190751445,0.959537572254335,0.936801541425819,0.805009633911368,0.889017341040462,0.869942196531792,0.875529865125241,0.947013487475915,0.871868978805395,0.772254335260116,0.91271676300578,0.978998073217726,0.982851637764933,0.9878612716763,0.73102119460501,0.910019267822736,0.992870905587669,0.653949903660886,0.820423892100193,0.661078998073218,0.947591522157996,0.878612716763006,0.973025048169557,0.935260115606936,0.854913294797688,0.734104046242775,0.858766859344894,0.689595375722543,0.926396917148362,0.915799614643545,0.982273603082852,0.922157996146435,0.81252408477842,0.9626204238921,0.957610789980732,0.933718689788054,0.799421965317919,0.901541425818882
R-059,0.648362235067437,0.952601156069364,0.984007707129094,0.833140655105973,0.914065510597302,0.9373795761079,0.900578034682081,0.786512524084778,0.965125240847784,0.961464354527938,0.977071290944123,0.841811175337187,0.916184971098266,0.926204238921002,0.935067437379576,0.922543352601156,0.942581888246628,0.716955684007707,0.805009633911368,0.869749518304432,0.957225433526012,0.88728323699422,0.990751445086705,0.898073217726397,0.958574181117534,0.800963391136802,0,0.957032755298651,0.66840077071291,0.888631984585742,0.844508670520231,0.761078998073218,0.777456647398844,0.91888246628131,0.928709055876686,0.926974951830443,0.973217726396917,0.916763005780347,0.950481695568401,0.847398843930636,0.942196531791908,0.726782273603083,0.763776493256262,0.872447013487476,0.954335260115607,0.990558766859345,0.965125240847784,0.86897880539499,0.909441233140655,0.901156069364162,0.977071290944123,0.836223506743738,0.967822736030828,0.826011560693642,0.903082851637765,0.968400770712909,0.673410404624277,0.810211946050096,0.93757225433526,0.971676300578035,0.966281310211946,0.915028901734104,0.886705202312139,0.776493256262042,0.953179190751445,0.983815028901734,0.874181117533719,0.783622350674374,0.948362235067437,0.961464354527938,0.926974951830443,0.986319845857418,0.94393063583815,0.983044315992293,0.98766859344894,0.905780346820809,0.78747591522158,0.967822736030828,0.902312138728324,0.971290944123314,0.902697495183044,0.8373795761079,0.982658959537572,0.904431599229287,0.947591522157996,0.913294797687861,0.94990366088632,0.978034682080925,0.770520231213873,0.790366088631985,0.873795761078998,0.709248554913295,0.931599229287091,0.693256262042389,0.8,0.879576107899807,0.899229287090559,0.925433526011561,0.971290944123314,0.679576107899807,0.953564547206166,0.935067437379576,0.847976878612717,0.976493256262042,0.939884393063584,0.78092485549133,0.95626204238921,0.860500963391137,0.836416184971098,0.971676300578035,0.727552986512524,0.957803468208092,0.957803468208092,0.874373795761079,0.902312138728324,0.872254335260116,0.877071290944123,0.9252408477842,0.893256262042389,0.763583815028902,0.93140655105973,0.977263969171484,0.984585741811175,0.989017341040462,0.784393063583815,0.924277456647399,0.98728323699422,0.800578034682081,0.892292870905588,0.785741811175337,0.972832369942197,0.867822736030828,0.993256262042389,0.91271676300578,0.914258188824663,0.750481695568401,0.793256262042389,0.831984585741811,0.923121387283237,0.919653179190751,0.967437379576108,0.942003853564547,0.885741811175337,0.920231213872832,0.965125240847784,0.964739884393064,0.65009633911368,0.926011560693642
R-060,0.897109826589595,0.911946050096339,0.84354527938343,0.989210019267823,0.964161849710983,0.960886319845857,0.959922928709056,0.885163776493256,0.857610789980732,0.797495183044316,0.767244701348748,0.900385356454721,0.98747591522158,0.98150289017341,0.956840077071291,0.992485549132948,0.916955684007707,0.952408477842004,0.941811175337187,0.940655105973025,0.892485549132948,0.940269749518304,0.891907514450867,0.85626204238921,0.97533718689788,0.984971098265896,0.957032755298651,0,0.963969171483622,0.928516377649326,0.897880539499037,0.941233140655106,0.946435452793834,0.953564547206166,0.977071290944123,0.952408477842004,0.934296724470135,0.898651252408478,0.96897880539499,0.927552986512524,0.734682080924856,0.9878612716763,0.926204238921002,0.915799614643545,0.971676300578035,0.868208092485549,0.947013487475915,0.946820809248555,0.980346820809249,0.967437379576108,0.827745664739884,0.952023121387283,0.770905587668593,0.949325626204239,0.976493256262042,0.958381502890173,0.908477842003854,0.957610789980732,0.917726396917148,0.800578034682081,0.914065510597302,0.873025048169557,1,0.929865125240848,0.988824662813102,0.89364161849711,0.945086705202312,0.947398843930636,0.752793834296724,0.946242774566474,0.941233140655106,0.779768786127168,0.975722543352601,0.748554913294798,0.870712909441233,0.934874759152216,0.955684007707129,0.942003853564547,0.871868978805395,0.94990366088632,0.965703275529865,0.852408477842004,0.784007707129094,0.974566473988439,0.878420038535645,0.96878612716763,0.971098265895954,0.885934489402697,0.940077071290944,0.921579961464355,0.989980732177264,0.951445086705202,0.981695568400771,0.988053949903661,0.953371868978805,0.924084778420039,0.993256262042389,0.971676300578035,0.675337186897881,0.959344894026975,0.770905587668593,0.90616570327553,0.84412331406551,0.882658959537572,0.970905587668593,0.942196531791908,0.761271676300578,0.966473988439306,0.953564547206166,0.791136801541426,0.898651252408478,0.938728323699422,0.850481695568401,0.971868978805395,0.93776493256262,0.977456647398844,0.965895953757225,0.9373795761079,0.895953757225434,0.966859344894027,0.971868978805395,0.920423892100193,0.826204238921002,0.944508670520231,0.958188824662813,0.857225433526012,0.741233140655106,0.948169556840077,0.970712909441233,0.908670520231214,0.746628131021195,0.955684007707129,0.960308285163777,0.874373795761079,0.933911368015414,0.944894026974952,0.972447013487476,0.975529865125241,0.939499036608863,0.953757225433526,0.760886319845857,0.899229287090559,0.946242774566474,0.814643545279383,0.95606936416185,0.984007707129094,0.964354527938343,0.941040462427746
R-061,0.712909441233141,0.932755298651252,0.975529865125241,0.700385356454721,0.900578034682081,0.897302504816956,0.776685934489403,0.804624277456647,0.96281310211946,0.953179190751445,0.977842003853565,0.740269749518304,0.819267822736031,0.884971098265896,0.860500963391137,0.811946050096339,0.945472061657033,0.573025048169557,0.735067437379576,0.804816955684008,0.916763005780347,0.79383429672447,0.989980732177264,0.84971098265896,0.882658959537572,0.709633911368015,0.66840077071291,0.963969171483622,0,0.834296724470135,0.79364161849711,0.635838150289017,0.755491329479769,0.864161849710983,0.845857418111753,0.830635838150289,0.91271676300578,0.869364161849711,0.92466281310212,0.739884393063584,0.918304431599229,0.671676300578035,0.689788053949904,0.736030828516378,0.93121387283237,0.989017341040462,0.892100192678227,0.830635838150289,0.859537572254335,0.777071290944123,0.983236994219653,0.785549132947977,0.972254335260116,0.747591522157996,0.834296724470135,0.953564547206166,0.728516377649326,0.667630057803468,0.827745664739884,0.957996146435453,0.967052023121387,0.830635838150289,0.794219653179191,0.578227360308285,0.908092485549133,0.98747591522158,0.758574181117534,0.691714836223507,0.92485549132948,0.948362235067437,0.897880539499037,0.96878612716763,0.859922928709056,0.97514450867052,0.987090558766859,0.849518304431599,0.580539499036609,0.89980732177264,0.848169556840077,0.958188824662813,0.785741811175337,0.7252408477842,0.984007707129094,0.83121387283237,0.93718689788054,0.901156069364162,0.932562620423892,0.96878612716763,0.73140655105973,0.684971098265896,0.775722543352601,0.566281310211946,0.919845857418112,0.621194605009634,0.752215799614644,0.803275529865125,0.776878612716763,0.909055876685934,0.971290944123314,0.733911368015414,0.957032755298651,0.924470134874759,0.730250481695568,0.952601156069364,0.869749518304432,0.706936416184971,0.953371868978805,0.771676300578035,0.715028901734104,0.95645472061657,0.73159922928709,0.942967244701349,0.90616570327553,0.792100192678227,0.848362235067437,0.798073217726397,0.780539499036609,0.911560693641619,0.746242774566474,0.567244701348748,0.901348747591522,0.96878612716763,0.973603082851638,0.989595375722543,0.583622350674374,0.814450867052023,0.983815028901734,0.682080924855491,0.764161849710983,0.688246628131021,0.966473988439306,0.832755298651252,0.97514450867052,0.872639691714836,0.876878612716763,0.600385356454721,0.76878612716763,0.716184971098266,0.883429672447014,0.896339113680154,0.95606936416185,0.886705202312139,0.799421965317919,0.862042389210019,0.957032755298651,0.92485549132948,0.688631984585742,0.893063583815029
R-062,0.890173410404624,0.855491329479769,0.954720616570328,0.850674373795761,0.932177263969171,0.929094412331407,0.841618497109827,0.931791907514451,0.947398843930636,0.984200385356455,0.971290944123314,0.738728323699422,0.853949903660886,0.871676300578035,0.827360308285164,0.878420038535645,0.955298651252408,0.847206165703276,0.852793834296725,0.955876685934489,0.976493256262042,0.906936416184971,0.965703275529865,0.943159922928709,0.948554913294798,0.853949903660886,0.888631984585742,0.928516377649326,0.834296724470135,0,0.878420038535645,0.896339113680154,0.861657032755299,0.927552986512524,0.782466281310212,0.884778420038536,0.931791907514451,0.916570327552987,0.910019267822736,0.929287090558767,0.977456647398844,0.857610789980732,0.841040462427746,0.882466281310212,0.93757225433526,0.980539499036609,0.909248554913295,0.835260115606936,0.894412331406551,0.813294797687861,0.963969171483622,0.871098265895954,0.960500963391137,0.907321772639692,0.797109826589595,0.948747591522158,0.915028901734104,0.85009633911368,0.827552986512524,0.955491329479769,0.930250481695568,0.928709055876686,0.782851637764933,0.829479768786127,0.942581888246628,0.96281310211946,0.901156069364162,0.87495183044316,0.954720616570328,0.911560693641619,0.846820809248555,0.952023121387283,0.88131021194605,0.91888246628131,0.957418111753372,0.914643545279383,0.861464354527938,0.920809248554913,0.945664739884393,0.945086705202312,0.85606936416185,0.83776493256262,0.957225433526012,0.83140655105973,0.932562620423892,0.919460500963391,0.849325626204239,0.960115606936416,0.85645472061657,0.852215799614644,0.87514450867052,0.857610789980732,0.95606936416185,0.854142581888247,0.879576107899807,0.955105973025048,0.774181117533719,0.917919075144509,0.920809248554913,0.91868978805395,0.963198458574181,0.882851637764933,0.910019267822736,0.946820809248555,0.86878612716763,0.861657032755299,0.980732177263969,0.872061657032755,0.844894026974952,0.975722543352601,0.905202312138728,0.958381502890173,0.931791907514451,0.794605009633911,0.862042389210019,0.889017341040462,0.857225433526012,0.934489402697495,0.923699421965318,0.839113680154143,0.898265895953757,0.978420038535646,0.965895953757225,0.984200385356455,0.828709055876686,0.895953757225434,0.938728323699422,0.873795761078998,0.884393063583815,0.831791907514451,0.957610789980732,0.891329479768786,0.965510597302505,0.955876685934489,0.866859344894027,0.834489402697495,0.894219653179191,0.826204238921002,0.894219653179191,0.901348747591522,0.972832369942197,0.919460500963391,0.777842003853565,0.96878612716763,0.960886319845857,0.928709055876686,0.893063583815029,0.898073217726397
R-063,0.780539499036609,0.89383429672447,0.910019267822736,0.732369942196532,0.946435452793834,0.954913294797688,0.906743737957611,0.914065510597302,0.87533718689788,0.850867052023121,0.870327552986513,0.749518304431599,0.917533718689788,0.9373795761079,0.905202312138728,0.934682080924855,0.92504816955684,0.739691714836224,0.618304431599229,0.820423892100193,0.855491329479769,0.861464354527938,0.904238921001927,0.850867052023121,0.940077071290944,0.798073217726397,0.844508670520231,0.897880539499037,0.79364161849711,0.878420038535645,0,0.86281310211946,0.796339113680154,0.957418111753372,0.916570327552987,0.900385356454721,0.917148362235067,0.868208092485549,0.953757225433526,0.87533718689788,0.909826589595376,0.841040462427746,0.63757225433526,0.83140655105973,0.955876685934489,0.916955684007707,0.908092485549133,0.846242774566474,0.957032755298651,0.916570327552987,0.908863198458574,0.766088631984586,0.857610789980732,0.902504816955684,0.90635838150289,0.989402697495183,0.785163776493256,0.641233140655106,0.903468208092486,0.851252408477842,0.97495183044316,0.81868978805395,0.911753371868979,0.666473988439306,0.982466281310212,0.898458574181118,0.894605009633911,0.618111753371869,0.86281310211946,0.943352601156069,0.900770712909441,0.927938342967245,0.940655105973025,0.890173410404624,0.919460500963391,0.854720616570328,0.640462427745665,0.920423892100193,0.835838150289017,0.953564547206166,0.935067437379576,0.613680154142582,0.905587668593449,0.892292870905588,0.90635838150289,0.953757225433526,0.926974951830443,0.891329479768786,0.678420038535645,0.611368015414258,0.922350674373796,0.663005780346821,0.965703275529865,0.626204238921002,0.581888246628131,0.879768786127168,0.902697495183044,0.940077071290944,0.87495183044316,0.884585741811175,0.848169556840077,0.960886319845857,0.863776493256262,0.911753371868979,0.934104046242775,0.718304431599229,0.854527938342967,0.85009633911368,0.774181117533719,0.905394990366089,0.852408477842004,0.928323699421965,0.867822736030828,0.877456647398844,0.907707129094412,0.930250481695568,0.920038535645472,0.944508670520231,0.841618497109827,0.790944123314065,0.941618497109827,0.905587668593449,0.93121387283237,0.963005780346821,0.646242774566474,0.885741811175337,0.926204238921002,0.754913294797688,0.838150289017341,0.676300578034682,0.91271676300578,0.904046242774566,0.952023121387283,0.83121387283237,0.926782273603083,0.671290944123314,0.895953757225434,0.683622350674374,0.871483622350674,0.91868978805395,0.855491329479769,0.909441233140655,0.840462427745665,0.869942196531792,0.945472061657033,0.967052023121387,0.855491329479769,0.929287090558767
R-064,0.788631984585742,0.936416184971098,0.960693641618497,0.824084778420039,0.89402697495183,0.892678227360308,0.833911368015414,0.792292870905588,0.934489402697495,0.934874759152216,0.959730250481696,0.817148362235067,0.854335260115607,0.890173410404624,0.889210019267823,0.863776493256262,0.9252408477842,0.65626204238921,0.870327552986513,0.755684007707129,0.932755298651252,0.828131021194605,0.957418111753372,0.852986512524085,0.906743737957611,0.840847784200385,0.761078998073218,0.941233140655106,0.635838150289017,0.896339113680154,0.86281310211946,0,0.834682080924856,0.884778420038536,0.867052023121387,0.858574181117534,0.92504816955684,0.866088631984586,0.922736030828516,0.766088631984586,0.906743737957611,0.749325626204239,0.786512524084778,0.790944123314065,0.932369942196532,0.953371868978805,0.904816955684008,0.859344894026975,0.890944123314065,0.83140655105973,0.949132947976879,0.810597302504817,0.959152215799615,0.818111753371869,0.852601156069364,0.961657032755299,0.804431599229287,0.822928709055877,0.872061657032755,0.932562620423892,0.958381502890173,0.842196531791908,0.855105973025048,0.731791907514451,0.917341040462428,0.954142581888247,0.801156069364162,0.801541425818882,0.941425818882466,0.95028901734104,0.886705202312139,0.968400770712909,0.886127167630058,0.941618497109827,0.954335260115607,0.850867052023121,0.765510597302505,0.907129094412331,0.834874759152216,0.95606936416185,0.823699421965318,0.810211946050096,0.955876685934489,0.842967244701349,0.91907514450867,0.880154142581888,0.928131021194605,0.947591522157996,0.823314065510597,0.766281310211946,0.823121387283237,0.664739884393064,0.928901734104046,0.760693641618497,0.80655105973025,0.817148362235067,0.863391136801541,0.890366088631985,0.947591522157996,0.771868978805395,0.934489402697495,0.920423892100193,0.822928709055877,0.953371868978805,0.880732177263969,0.767052023121387,0.91907514450867,0.809055876685934,0.81252408477842,0.925626204238921,0.79402697495183,0.909633911368015,0.898265895953757,0.834104046242775,0.857032755298651,0.838150289017341,0.804816955684008,0.908670520231214,0.812909441233141,0.619845857418112,0.916763005780347,0.948362235067437,0.964161849710983,0.968208092485549,0.766088631984586,0.855298651252408,0.9626204238921,0.80655105973025,0.836994219653179,0.778034682080925,0.947784200385356,0.835645472061657,0.992292870905588,0.882466281310212,0.859537572254335,0.747976878612717,0.820423892100193,0.833718689788054,0.858574181117534,0.89402697495183,0.93102119460501,0.876878612716763,0.83102119460501,0.874181117533719,0.940269749518304,0.938921001926782,0.747013487475915,0.877071290944123
R-066,0.828901734104046,0.907129094412331,0.942003853564547,0.707514450867052,0.921579961464355,0.922543352601156,0.873410404624277,0.934104046242775,0.878998073217726,0.912909441233141,0.95009633911368,0.783815028901734,0.835838150289017,0.798651252408478,0.904431599229287,0.908863198458574,0.932177263969171,0.750674373795761,0.71868978805395,0.871676300578035,0.853179190751445,0.811368015414258,0.917148362235067,0.840655105973025,0.904046242774566,0.708477842003854,0.777456647398844,0.946435452793834,0.755491329479769,0.861657032755299,0.796339113680154,0.834682080924856,0,0.917919075144509,0.881888246628131,0.908477842003854,0.906936416184971,0.872639691714836,0.875722543352601,0.842774566473988,0.90655105973025,0.767244701348748,0.635260115606936,0.795568400770713,0.940269749518304,0.976493256262042,0.899229287090559,0.811368015414258,0.899614643545279,0.884778420038536,0.969364161849711,0.757803468208093,0.940655105973025,0.831984585741811,0.810404624277457,0.982466281310212,0.822157996146435,0.65009633911368,0.904046242774566,0.921001926782274,0.960886319845857,0.823699421965318,0.866088631984586,0.755684007707129,0.951637764932563,0.951830443159923,0.815992292870906,0.650867052023121,0.897302504816956,0.882466281310212,0.898651252408478,0.960115606936416,0.92504816955684,0.942003853564547,0.973410404624277,0.869556840077071,0.770134874759152,0.9252408477842,0.846628131021195,0.935260115606936,0.898265895953757,0.752023121387283,0.963583815028902,0.854527938342967,0.919653179190751,0.926782273603083,0.926974951830443,0.946628131021195,0.684778420038536,0.654913294797688,0.876685934489403,0.765510597302505,0.932947976878613,0.791136801541426,0.772061657032755,0.854335260115607,0.875529865125241,0.844894026974952,0.952986512524085,0.858959537572254,0.91868978805395,0.873988439306358,0.85626204238921,0.935452793834297,0.79402697495183,0.654335260115607,0.933333333333333,0.762042389210019,0.715799614643545,0.948554913294798,0.861464354527938,0.934296724470135,0.933140655105973,0.833333333333333,0.872254335260116,0.888824662813102,0.88092485549133,0.933718689788054,0.845279383429672,0.779576107899807,0.914836223506744,0.938342967244701,0.957032755298651,0.966281310211946,0.779383429672447,0.85028901734104,0.966473988439306,0.641233140655106,0.821579961464355,0.641811175337187,0.9121387283237,0.875529865125241,0.942196531791908,0.861849710982659,0.817341040462428,0.778612716763006,0.873025048169557,0.727938342967245,0.896531791907514,0.925626204238921,0.946050096339114,0.902697495183044,0.811946050096339,0.873603082851638,0.933333333333333,0.935838150289017,0.803275529865125,0.873603082851638
R-067,0.9373795761079,0.932369942196532,0.93776493256262,0.930635838150289,0.894990366088632,0.877071290944123,0.897880539499037,0.946820809248555,0.942389210019268,0.96897880539499,0.933718689788054,0.871098265895954,0.905587668593449,0.899421965317919,0.926204238921002,0.901156069364162,0.909441233140655,0.890558766859345,0.915028901734104,0.944508670520231,0.959152215799615,0.92485549132948,0.977263969171484,0.90655105973025,0.927167630057803,0.921772639691715,0.91888246628131,0.953564547206166,0.864161849710983,0.927552986512524,0.957418111753372,0.884778420038536,0.917919075144509,0,0.919845857418112,0.922157996146435,0.905202312138728,0.93121387283237,0.915992292870906,0.886512524084778,0.944894026974952,0.885549132947977,0.9,0.888053949903661,0.913294797687861,0.974566473988439,0.91271676300578,0.900770712909441,0.879768786127168,0.886897880539499,0.958188824662813,0.939499036608863,0.96242774566474,0.917148362235067,0.901926782273603,0.972832369942197,0.933718689788054,0.914450867052023,0.920038535645472,0.937957610789981,0.944315992292871,0.899036608863198,0.907514450867052,0.879576107899807,0.935260115606936,0.964739884393064,0.88747591522158,0.909826589595376,0.95626204238921,0.958381502890173,0.920423892100193,0.922928709055877,0.930443159922929,0.952215799614644,0.965703275529865,0.938342967244701,0.907514450867052,0.913102119460501,0.918111753371869,0.948169556840077,0.864354527938343,0.926782273603083,0.949518304431599,0.907129094412331,0.90616570327553,0.913294797687861,0.953949903660886,0.93718689788054,0.935260115606936,0.901541425818882,0.858188824662813,0.887861271676301,0.915606936416185,0.910019267822736,0.930057803468208,0.959152215799615,0.906743737957611,0.924470134874759,0.942774566473988,0.908863198458574,0.957610789980732,0.920809248554913,0.876685934489403,0.934489402697495,0.911753371868979,0.915221579961464,0.943352601156069,0.930250481695568,0.905780346820809,0.935452793834297,0.890751445086705,0.91868978805395,0.925818882466281,0.899229287090559,0.865895953757225,0.872832369942196,0.871290944123314,0.914065510597302,0.895761078998073,0.85645472061657,0.938535645472062,0.965125240847784,0.942003853564547,0.980732177263969,0.889595375722543,0.918304431599229,0.953371868978805,0.921194605009634,0.92485549132948,0.903082851637765,0.970905587668593,0.857418111753372,0.982273603082852,0.93718689788054,0.902697495183044,0.903275529865125,0.882273603082852,0.891136801541426,0.908092485549133,0.926589595375722,0.95009633911368,0.88150289017341,0.885356454720617,0.955105973025048,0.941040462427746,0.921194605009634,0.892678227360308,0.886319845857418
R-068,0.923506743737958,0.867244701348748,0.958766859344894,0.840077071290944,0.934682080924855,0.903468208092486,0.757418111753372,0.949518304431599,0.934682080924855,0.980539499036609,0.978034682080925,0.739499036608863,0.714258188824663,0.858381502890173,0.763776493256262,0.78150289017341,0.953179190751445,0.871098265895954,0.894797687861272,0.905394990366089,0.958381502890173,0.832562620423892,0.974373795761079,0.914065510597302,0.845472061657033,0.846242774566474,0.928709055876686,0.977071290944123,0.845857418111753,0.782466281310212,0.916570327552987,0.867052023121387,0.881888246628131,0.919845857418112,0,0.789210019267823,0.916955684007707,0.910789980732177,0.890366088631985,0.904816955684008,0.97514450867052,0.889210019267823,0.877456647398844,0.819845857418112,0.931599229287091,0.969556840077071,0.840655105973025,0.897880539499037,0.872254335260116,0.732755298651252,0.958381502890173,0.854720616570328,0.96897880539499,0.86281310211946,0.749132947976879,0.982273603082852,0.93140655105973,0.851445086705202,0.780154142581888,0.961849710982659,0.966281310211946,0.873025048169557,0.647206165703275,0.853371868978805,0.941040462427746,0.958959537572254,0.861849710982659,0.872832369942196,0.974181117533719,0.933911368015414,0.793256262042389,0.976493256262042,0.776878612716763,0.973410404624277,0.965317919075145,0.882080924855491,0.84373795761079,0.881888246628131,0.922736030828516,0.932562620423892,0.774181117533719,0.857996146435453,0.978420038535646,0.770905587668593,0.940847784200385,0.920809248554913,0.830635838150289,0.963391136801541,0.884393063583815,0.837957610789981,0.792100192678227,0.891522157996146,0.963005780346821,0.87533718689788,0.898073217726397,0.946242774566474,0.71868978805395,0.871290944123314,0.972832369942197,0.917726396917148,0.976107899807322,0.929479768786127,0.842003853564547,0.953179190751445,0.816184971098266,0.835645472061657,0.959922928709056,0.867244701348748,0.848747591522158,0.976878612716763,0.91233140655106,0.953179190751445,0.871676300578035,0.69364161849711,0.883044315992293,0.792100192678227,0.79364161849711,0.951830443159923,0.847206165703276,0.804238921001927,0.926396917148362,0.949518304431599,0.967437379576108,0.974181117533719,0.822157996146435,0.829672447013488,0.976300578034682,0.855684007707129,0.829287090558767,0.848554913294798,0.95606936416185,0.850867052023121,0.972447013487476,0.958381502890173,0.869942196531792,0.847398843930636,0.847013487475915,0.833911368015414,0.894219653179191,0.92466281310212,0.974373795761079,0.888439306358382,0.708092485549133,0.96242774566474,0.949325626204239,0.936608863198459,0.879961464354528,0.919845857418112
R-069,0.903660886319846,0.877649325626204,0.927167630057803,0.847976878612717,0.889980732177264,0.891329479768786,0.678612716763006,0.922157996146435,0.9121387283237,0.961078998073218,0.947206165703276,0.778998073217726,0.779190751445087,0.877842003853565,0.804046242774566,0.656840077071291,0.922350674373796,0.853179190751445,0.92466281310212,0.884971098265896,0.930250481695568,0.798651252408478,0.940269749518304,0.888053949903661,0.722350674373796,0.887861271676301,0.926974951830443,0.952408477842004,0.830635838150289,0.884778420038536,0.900385356454721,0.858574181117534,0.908477842003854,0.922157996146435,0.789210019267823,0,0.896917148362235,0.898265895953757,0.877071290944123,0.872447013487476,0.959730250481696,0.884393063583815,0.88747591522158,0.776107899807322,0.901926782273603,0.947206165703276,0.840655105973025,0.896146435452794,0.879383429672447,0.661849710982659,0.938535645472062,0.860500963391137,0.954335260115607,0.832947976878613,0.854335260115607,0.95645472061657,0.916763005780347,0.873795761078998,0.729094412331407,0.928901734104046,0.947013487475915,0.828131021194605,0.770520231213873,0.842967244701349,0.929094412331407,0.917533718689788,0.819460500963391,0.898458574181118,0.942196531791908,0.918111753371869,0.824470134874759,0.947398843930636,0.690558766859345,0.927360308285164,0.94373795761079,0.901926782273603,0.80597302504817,0.822157996146435,0.888824662813102,0.928709055876686,0.705009633911368,0.854142581888247,0.953949903660886,0.815799614643545,0.928709055876686,0.860500963391137,0.878612716763006,0.921965317919075,0.885741811175337,0.855876685934489,0.746242774566474,0.870134874759152,0.94393063583815,0.844508670520231,0.891714836223507,0.941811175337187,0.763005780346821,0.902697495183044,0.926396917148362,0.923314065510597,0.950481695568401,0.920038535645472,0.774566473988439,0.917341040462428,0.892100192678227,0.836416184971098,0.948940269749518,0.902119460500963,0.853179190751445,0.955876685934489,0.89383429672447,0.91271676300578,0.822928709055877,0.785163776493256,0.862042389210019,0.765703275529865,0.828131021194605,0.888053949903661,0.779768786127168,0.754527938342967,0.942774566473988,0.940847784200385,0.942196531791908,0.951637764932563,0.798265895953757,0.769942196531792,0.942003853564547,0.879961464354528,0.728516377649326,0.855298651252408,0.957996146435453,0.807514450867052,0.9373795761079,0.914065510597302,0.884007707129094,0.846242774566474,0.830250481695568,0.845857418111753,0.879576107899807,0.865125240847784,0.96242774566474,0.905780346820809,0.794412331406551,0.934874759152216,0.932755298651252,0.920809248554913,0.858959537572254,0.871868978805395
R-070,0.942389210019268,0.836030828516378,0.871483622350674,0.935260115606936,0.932177263969171,0.941040462427746,0.910982658959538,0.956840077071291,0.892485549132948,0.91888246628131,0.896146435452794,0.861849710982659,0.923892100192678,0.927938342967245,0.868208092485549,0.940269749518304,0.917726396917148,0.913872832369942,0.923506743737958,0.914450867052023,0.877263969171484,0.871868978805395,0.929479768786127,0.80635838150289,0.903660886319846,0.939691714836223,0.973217726396917,0.934296724470135,0.91271676300578,0.931791907514451,0.917148362235067,0.92504816955684,0.906936416184971,0.905202312138728,0.916955684007707,0.896917148362235,0,0.852986512524085,0.927167630057803,0.866281310211946,0.894605009633911,0.938342967244701,0.897880539499037,0.827360308285164,0.917533718689788,0.946435452793834,0.822543352601156,0.931599229287091,0.899229287090559,0.910597302504817,0.91271676300578,0.932947976878613,0.948747591522158,0.911175337186898,0.907321772639692,0.983236994219653,0.940847784200385,0.899421965317919,0.90616570327553,0.888053949903661,0.944894026974952,0.772061657032755,0.943159922928709,0.870520231213873,0.955684007707129,0.909633911368015,0.852793834296725,0.901348747591522,0.909055876685934,0.948747591522158,0.861271676300578,0.902890173410405,0.919845857418112,0.880154142581888,0.943159922928709,0.883429672447014,0.917533718689788,0.864739884393064,0.818304431599229,0.871868978805395,0.90597302504817,0.915028901734104,0.936416184971098,0.910019267822736,0.911946050096339,0.939691714836223,0.922157996146435,0.868208092485549,0.923506743737958,0.89344894026975,0.919845857418112,0.916570327552987,0.950481695568401,0.929672447013488,0.943352601156069,0.915992292870906,0.934104046242775,0.954335260115607,0.908285163776493,0.934104046242775,0.916570327552987,0.951059730250482,0.836801541425819,0.910982658959538,0.922543352601156,0.894605009633911,0.884778420038536,0.915992292870906,0.895761078998073,0.89980732177264,0.884007707129094,0.91907514450867,0.888246628131021,0.915414258188825,0.877456647398844,0.916955684007707,0.914065510597302,0.922543352601156,0.848940269749518,0.895375722543353,0.952986512524085,0.880346820809249,0.901734104046243,0.936223506743738,0.909248554913295,0.829287090558767,0.926782273603083,0.935260115606936,0.885549132947977,0.89402697495183,0.934296724470135,0.908285163776493,0.910211946050096,0.844701348747592,0.905587668593449,0.91888246628131,0.902312138728324,0.898073217726397,0.920231213872832,0.9252408477842,0.9121387283237,0.883429672447014,0.883815028901734,0.895375722543353,0.914065510597302,0.926204238921002,0.913294797687861,0.889017341040462
R-071,0.893256262042389,0.81233140655106,0.90655105973025,0.93718689788054,0.892678227360308,0.947784200385356,0.905780346820809,0.91907514450867,0.877071290944123,0.845664739884393,0.889595375722543,0.859922928709056,0.908477842003854,0.926204238921002,0.836030828516378,0.930250481695568,0.88728323699422,0.89364161849711,0.897880539499037,0.834296724470135,0.792100192678227,0.830250481695568,0.903853564547206,0.747591522157996,0.939884393063584,0.911753371868979,0.916763005780347,0.898651252408478,0.869364161849711,0.916570327552987,0.868208092485549,0.866088631984586,0.872639691714836,0.93121387283237,0.910789980732177,0.898265895953757,0.852986512524085,0,0.926011560693642,0.739691714836224,0.836416184971098,0.91233140655106,0.870134874759152,0.809441233140655,0.907321772639692,0.92485549132948,0.821194605009634,0.902890173410405,0.852215799614644,0.90019267822736,0.893256262042389,0.896339113680154,0.892100192678227,0.829865125240848,0.902890173410405,0.98728323699422,0.874181117533719,0.871868978805395,0.914643545279383,0.86897880539499,0.946242774566474,0.746628131021195,0.921579961464355,0.878420038535645,0.963198458574181,0.875915221579961,0.741233140655106,0.847398843930636,0.8,0.936994219653179,0.832562620423892,0.922350674373796,0.925433526011561,0.864739884393064,0.908863198458574,0.715221579961464,0.905587668593449,0.88150289017341,0.729094412331407,0.902890173410405,0.915992292870906,0.897302504816956,0.920809248554913,0.932369942196532,0.874373795761079,0.930250481695568,0.848554913294798,0.857996146435453,0.902312138728324,0.853757225433526,0.921579961464355,0.871676300578035,0.954913294797688,0.911175337186898,0.905780346820809,0.832177263969171,0.919653179190751,0.939691714836223,0.859344894026975,0.887861271676301,0.883429672447014,0.936223506743738,0.770905587668593,0.88747591522158,0.920616570327553,0.845857418111753,0.816377649325626,0.850867052023121,0.882466281310212,0.846050096339114,0.844894026974952,0.864354527938343,0.891907514450867,0.915799614643545,0.92504816955684,0.904046242774566,0.873410404624277,0.927938342967245,0.756840077071291,0.878998073217726,0.940269749518304,0.853179190751445,0.91907514450867,0.937957610789981,0.908092485549133,0.783815028901734,0.913487475915222,0.921579961464355,0.843352601156069,0.847206165703276,0.910789980732177,0.87495183044316,0.919845857418112,0.780154142581888,0.905780346820809,0.892485549132948,0.877649325626204,0.907321772639692,0.878227360308285,0.922736030828516,0.862042389210019,0.881888246628131,0.877649325626204,0.776300578034682,0.886512524084778,0.915799614643545,0.875722543352601,0.860886319845857
R-072,0.947591522157996,0.903853564547206,0.927360308285164,0.913487475915222,0.894990366088632,0.926204238921002,0.914258188824663,0.972832369942197,0.87533718689788,0.975529865125241,0.948747591522158,0.841233140655106,0.867437379576108,0.744701348747592,0.905009633911368,0.893256262042389,0.914836223506744,0.925433526011561,0.913102119460501,0.953179190751445,0.945664739884393,0.911560693641619,0.945472061657033,0.929865125240848,0.926396917148362,0.894219653179191,0.950481695568401,0.96897880539499,0.92466281310212,0.910019267822736,0.953757225433526,0.922736030828516,0.875722543352601,0.915992292870906,0.890366088631985,0.877071290944123,0.927167630057803,0.926011560693642,0,0.913872832369942,0.976878612716763,0.926782273603083,0.871868978805395,0.905780346820809,0.914836223506744,0.959152215799615,0.892870905587669,0.853371868978805,0.874373795761079,0.877263969171484,0.941233140655106,0.935452793834297,0.966088631984586,0.926782273603083,0.834682080924856,0.979190751445087,0.953564547206166,0.860308285163776,0.898651252408478,0.951445086705202,0.950674373795761,0.905780346820809,0.90655105973025,0.923506743737958,0.945472061657033,0.919653179190751,0.897495183044316,0.895761078998073,0.97495183044316,0.872254335260116,0.893063583815029,0.94393063583815,0.882466281310212,0.951445086705202,0.947784200385356,0.945086705202312,0.93121387283237,0.883622350674374,0.927360308285164,0.924470134874759,0.858574181117534,0.927360308285164,0.953371868978805,0.86281310211946,0.910211946050096,0.899229287090559,0.905780346820809,0.940269749518304,0.90655105973025,0.879190751445087,0.885356454720617,0.926396917148362,0.947206165703276,0.936801541425819,0.931599229287091,0.972447013487476,0.89980732177264,0.685163776493256,0.945664739884393,0.948169556840077,0.966473988439306,0.858381502890173,0.930443159922929,0.930057803468208,0.804624277456647,0.850481695568401,0.964354527938343,0.911368015414258,0.905587668593449,0.966473988439306,0.942003853564547,0.911560693641619,0.909055876685934,0.890173410404624,0.875722543352601,0.858766859344894,0.879768786127168,0.917919075144509,0.918111753371869,0.917148362235067,0.928901734104046,0.946820809248555,0.940655105973025,0.950674373795761,0.929094412331407,0.907707129094412,0.945279383429672,0.880154142581888,0.920231213872832,0.81888246628131,0.958574181117534,0.846242774566474,0.944701348747591,0.942389210019268,0.8252408477842,0.927745664739884,0.884393063583815,0.882658959537572,0.896146435452794,0.911175337186898,0.970520231213873,0.889402697495183,0.845086705202312,0.960500963391137,0.913680154142582,0.916763005780347,0.923314065510597,0.841811175337187
R-073,0.834489402697495,0.861271676300578,0.91868978805395,0.877842003853565,0.886897880539499,0.933140655105973,0.871676300578035,0.817919075144509,0.910404624277457,0.895761078998073,0.922350674373796,0.836030828516378,0.877842003853565,0.909633911368015,0.830828516377649,0.88747591522158,0.884971098265896,0.73776493256262,0.848362235067437,0.754720616570328,0.789402697495183,0.780732177263969,0.936994219653179,0.769749518304432,0.921579961464355,0.838150289017341,0.847398843930636,0.927552986512524,0.739884393063584,0.929287090558767,0.87533718689788,0.766088631984586,0.842774566473988,0.886512524084778,0.904816955684008,0.872447013487476,0.866281310211946,0.739691714836224,0.913872832369942,0,0.861657032755299,0.813487475915222,0.792292870905588,0.749325626204239,0.900385356454721,0.953757225433526,0.828323699421965,0.898651252408478,0.83757225433526,0.86242774566474,0.927167630057803,0.871676300578035,0.934104046242775,0.660308285163776,0.884585741811175,0.977842003853565,0.76878612716763,0.795953757225433,0.890558766859345,0.865125240847784,0.940269749518304,0.748362235067437,0.908477842003854,0.771868978805395,0.947013487475915,0.904238921001927,0.685356454720617,0.780732177263969,0.821772639691715,0.939499036608863,0.845472061657033,0.930443159922929,0.903853564547206,0.891907514450867,0.941425818882466,0.729479768786127,0.832562620423892,0.869364161849711,0.746242774566474,0.904238921001927,0.872254335260116,0.832177263969171,0.93718689788054,0.883622350674374,0.908477842003854,0.907514450867052,0.878420038535645,0.88747591522158,0.836416184971098,0.796917148362235,0.863391136801541,0.776878612716763,0.94393063583815,0.823121387283237,0.883429672447014,0.771483622350674,0.898073217726397,0.92504816955684,0.889017341040462,0.753371868978805,0.89364161849711,0.932947976878613,0.720809248554913,0.917533718689788,0.870712909441233,0.826396917148362,0.869364161849711,0.841425818882466,0.838150289017341,0.90597302504817,0.779190751445087,0.851059730250482,0.880539499036609,0.877071290944123,0.899036608863198,0.838150289017341,0.858188824662813,0.89980732177264,0.685163776493256,0.761464354527938,0.93121387283237,0.892292870905588,0.929287090558767,0.959537572254335,0.833526011560694,0.782273603082852,0.933718689788054,0.830057803468208,0.757996146435453,0.76878612716763,0.935645472061657,0.848362235067437,0.9252408477842,0.769749518304432,0.892485549132948,0.817148362235067,0.836801541425819,0.873795761078998,0.889402697495183,0.907321772639692,0.905202312138728,0.89980732177264,0.853564547206166,0.804816955684008,0.882080924855491,0.894990366088632,0.771098265895954,0.874181117533719
R-074,0.923699421965318,0.926011560693642,0.800578034682081,0.939306358381503,0.948554913294798,0.988631984585742,0.975722543352601,0.942774566473988,0.847976878612717,0.59402697495183,0.821965317919075,0.903660886319846,0.97514450867052,0.97533718689788,0.948554913294798,0.98728323699422,0.908092485549133,0.894990366088632,0.89383429672447,0.909441233140655,0.851059730250482,0.899229287090559,0.905202312138728,0.7747591522158,0.957032755298651,0.947206165703276,0.942196531791908,0.734682080924856,0.918304431599229,0.977456647398844,0.909826589595376,0.906743737957611,0.90655105973025,0.944894026974952,0.97514450867052,0.959730250481696,0.894605009633911,0.836416184971098,0.976878612716763,0.861657032755299,0,0.947398843930636,0.909055876685934,0.843159922928709,0.979383429672447,0.89980732177264,0.946242774566474,0.959537572254335,0.964547206165703,0.969749518304432,0.783429672447013,0.892100192678227,0.836223506743738,0.916184971098266,0.96878612716763,0.992292870905588,0.916570327552987,0.949325626204239,0.964354527938343,0.708477842003854,0.965703275529865,0.781888246628131,0.99383429672447,0.894797687861272,0.986897880539499,0.870712909441233,0.873603082851638,0.864547206165703,0.79402697495183,0.976107899807322,0.947591522157996,0.866859344894027,0.98747591522158,0.867052023121387,0.860308285163776,0.865895953757225,0.915606936416185,0.920616570327553,0.777456647398844,0.964547206165703,0.989595375722543,0.902119460500963,0.857418111753372,0.976300578034682,0.848362235067437,0.969364161849711,0.955491329479769,0.840847784200385,0.917148362235067,0.827167630057803,0.983815028901734,0.899421965317919,0.963391136801541,0.973025048169557,0.911753371868979,0.910211946050096,0.991714836223507,0.967630057803468,0.710982658959538,0.92485549132948,0.698458574181118,0.953564547206166,0.858959537572254,0.886705202312139,0.95606936416185,0.827552986512524,0.58728323699422,0.860115606936416,0.877842003853565,0.661271676300578,0.828131021194605,0.914450867052023,0.877071290944123,0.963776493256262,0.949132947976879,0.978998073217726,0.948747591522158,0.947398843930636,0.832562620423892,0.904816955684008,0.966666666666667,0.884200385356455,0.795375722543353,0.960886319845857,0.961271676300578,0.863776493256262,0.821194605009634,0.93718689788054,0.91849710982659,0.863969171483622,0.773025048169557,0.946242774566474,0.988631984585742,0.832947976878613,0.954335260115607,0.921772639691715,0.959730250481696,0.940462427745665,0.910211946050096,0.953757225433526,0.657803468208092,0.844701348747592,0.953371868978805,0.862042389210019,0.950867052023121,0.978034682080925,0.892870905587669,0.907899807321773
R-075,0.785163776493256,0.952023121387283,0.990173410404624,0.783622350674374,0.923506743737958,0.91868978805395,0.86840077071291,0.865895953757225,0.964161849710983,0.966473988439306,0.987090558766859,0.797495183044316,0.86223506743738,0.908285163776493,0.926974951830443,0.880732177263969,0.961078998073218,0.709441233140655,0.798843930635838,0.865895953757225,0.93776493256262,0.870712909441233,0.998073217726397,0.885934489402697,0.909633911368015,0.748554913294798,0.726782273603083,0.9878612716763,0.671676300578035,0.857610789980732,0.841040462427746,0.749325626204239,0.767244701348748,0.885549132947977,0.889210019267823,0.884393063583815,0.938342967244701,0.91233140655106,0.926782273603083,0.813487475915222,0.947398843930636,0,0.740847784200385,0.829672447013488,0.944894026974952,1,0.921965317919075,0.855105973025048,0.892485549132948,0.863391136801541,0.996339113680154,0.809248554913295,0.993256262042389,0.835067437379576,0.846628131021195,0.969171483622351,0.789595375722543,0.73140655105973,0.901926782273603,0.964354527938343,0.967822736030828,0.859730250481696,0.849518304431599,0.715606936416185,0.939306358381503,0.991522157996146,0.842003853564547,0.758574181117534,0.933140655105973,0.953371868978805,0.923699421965318,0.984778420038536,0.867052023121387,0.981888246628131,1,0.907129094412331,0.74990366088632,0.937957610789981,0.907321772639692,0.960693641618497,0.853564547206166,0.805587668593449,0.99344894026975,0.845279383429672,0.947398843930636,0.91233140655106,0.946820809248555,0.984778420038536,0.784971098265896,0.748747591522158,0.832562620423892,0.715799614643545,0.917148362235067,0.709633911368015,0.776685934489403,0.84412331406551,0.869556840077071,0.899614643545279,0.986897880539499,0.783236994219653,0.979768786127168,0.936030828516378,0.830635838150289,0.959730250481696,0.920616570327553,0.757803468208093,0.969171483622351,0.818111753371869,0.761657032755299,0.982466281310212,0.802504816955684,0.966666666666667,0.947206165703276,0.842389210019268,0.873988439306358,0.848169556840077,0.854527938342967,0.931791907514451,0.852408477842004,0.722543352601156,0.9252408477842,0.975529865125241,0.98747591522158,0.981695568400771,0.741040462427746,0.907514450867052,0.99344894026975,0.772254335260116,0.832177263969171,0.768015414258189,0.984007707129094,0.836801541425819,0.969364161849711,0.920809248554913,0.894412331406551,0.73140655105973,0.798265895953757,0.788439306358382,0.91907514450867,0.883044315992293,0.983236994219653,0.930057803468208,0.836416184971098,0.920038535645472,0.951445086705202,0.944123314065511,0.682080924855491,0.913102119460501
R-076,0.794605009633911,0.897495183044316,0.936801541425819,0.70597302504817,0.911946050096339,0.934296724470135,0.869749518304432,0.931984585741811,0.915992292870906,0.936223506743738,0.940655105973025,0.728323699421965,0.8626204238921,0.83121387283237,0.904046242774566,0.886512524084778,0.912909441233141,0.680732177263969,0.532562620423892,0.860500963391137,0.876300578034682,0.820809248554913,0.963391136801541,0.831791907514451,0.944701348747591,0.672447013487476,0.763776493256262,0.926204238921002,0.689788053949904,0.841040462427746,0.63757225433526,0.786512524084778,0.635260115606936,0.9,0.877456647398844,0.88747591522158,0.897880539499037,0.870134874759152,0.871868978805395,0.792292870905588,0.909055876685934,0.740847784200385,0,0.784971098265896,0.93718689788054,0.971290944123314,0.892292870905588,0.78728323699422,0.876300578034682,0.879961464354528,0.961078998073218,0.735067437379576,0.936223506743738,0.81252408477842,0.81868978805395,0.97514450867052,0.792485549132948,0.559537572254335,0.899421965317919,0.907514450867052,0.952023121387283,0.828516377649326,0.865895953757225,0.623892100192678,0.954720616570328,0.939499036608863,0.816955684007707,0.482851637764933,0.894412331406551,0.913872832369942,0.894797687861272,0.936994219653179,0.914258188824663,0.930443159922929,0.964932562620424,0.864547206165703,0.641425818882466,0.909826589595376,0.840077071290944,0.920231213872832,0.896146435452794,0.630443159922929,0.944508670520231,0.847591522157996,0.905394990366089,0.922350674373796,0.908863198458574,0.935067437379576,0.598651252408478,0.536030828516378,0.844315992292871,0.623314065510597,0.93102119460501,0.668015414258189,0.607899807321773,0.837957610789981,0.86840077071291,0.83159922928709,0.917533718689788,0.850481695568401,0.921965317919075,0.879383429672447,0.855298651252408,0.932755298651252,0.817919075144509,0.613294797687861,0.916570327552987,0.78111753371869,0.70635838150289,0.944894026974952,0.845279383429672,0.914065510597302,0.922736030828516,0.824662813102119,0.848940269749518,0.8626204238921,0.871098265895954,0.913680154142582,0.840847784200385,0.734489402697495,0.892678227360308,0.936608863198459,0.946628131021195,0.951637764932563,0.666859344894027,0.868208092485549,0.948362235067437,0.608670520231214,0.821001926782274,0.531791907514451,0.903082851637765,0.870520231213873,0.936994219653179,0.83718689788054,0.810982658959538,0.673795761078998,0.857418111753372,0.61907514450867,0.88092485549133,0.899614643545279,0.941618497109827,0.886705202312139,0.796917148362235,0.875529865125241,0.915414258188825,0.929094412331407,0.790558766859345,0.871098265895954
R-077,0.833911368015414,0.826396917148362,0.893063583815029,0.811368015414258,0.910404624277457,0.923314065510597,0.757996146435453,0.908863198458574,0.898843930635838,0.907129094412331,0.933718689788054,0.758574181117534,0.806936416184971,0.890751445086705,0.793256262042389,0.799229287090559,0.917533718689788,0.76897880539499,0.859537572254335,0.801734104046243,0.753179190751445,0.763776493256262,0.942581888246628,0.721579961464355,0.810019267822736,0.826396917148362,0.872447013487476,0.915799614643545,0.736030828516378,0.882466281310212,0.83140655105973,0.790944123314065,0.795568400770713,0.888053949903661,0.819845857418112,0.776107899807322,0.827360308285164,0.809441233140655,0.905780346820809,0.749325626204239,0.843159922928709,0.829672447013488,0.784971098265896,0,0.913294797687861,0.962042389210019,0.784971098265896,0.891136801541426,0.873603082851638,0.78131021194605,0.938342967244701,0.823892100192678,0.934104046242775,0.725818882466281,0.853757225433526,0.982658959537572,0.841233140655106,0.784200385356455,0.788439306358382,0.864354527938343,0.949325626204239,0.668015414258189,0.810211946050096,0.751059730250482,0.939306358381503,0.904431599229287,0.750674373795761,0.777263969171484,0.852215799614644,0.904238921001927,0.81868978805395,0.920423892100193,0.845664739884393,0.904046242774566,0.952601156069364,0.801926782273603,0.757418111753372,0.82485549132948,0.694797687861272,0.874373795761079,0.78150289017341,0.801156069364162,0.948940269749518,0.838728323699422,0.927938342967245,0.93140655105973,0.882851637764933,0.885549132947977,0.823314065510597,0.764354527938343,0.787090558766859,0.79383429672447,0.950867052023121,0.811560693641619,0.849325626204239,0.76242774566474,0.801926782273603,0.930250481695568,0.86859344894027,0.844894026974952,0.907321772639692,0.949518304431599,0.679383429672447,0.891136801541426,0.883622350674374,0.769171483622351,0.885741811175337,0.786705202312139,0.775529865125241,0.895375722543353,0.820038535645472,0.922350674373796,0.830828516377649,0.78728323699422,0.834874759152216,0.822350674373796,0.83757225433526,0.933333333333333,0.702312138728324,0.701156069364162,0.923892100192678,0.892292870905588,0.925818882466281,0.93757225433526,0.772254335260116,0.651252408477842,0.936801541425819,0.796339113680154,0.703468208092486,0.777071290944123,0.915799614643545,0.873410404624277,0.88150289017341,0.725433526011561,0.864739884393064,0.801541425818882,0.815414258188825,0.820038535645472,0.884393063583815,0.91868978805395,0.917148362235067,0.89402697495183,0.766281310211946,0.811368015414258,0.897687861271676,0.901541425818882,0.795953757225433,0.897495183044316
R-078,0.958188824662813,0.946242774566474,0.978034682080925,0.915414258188825,0.878805394990366,0.90655105973025,0.917341040462428,0.974181117533719,0.921579961464355,0.979383429672447,0.951445086705202,0.894412331406551,0.904046242774566,0.890751445086705,0.901348747591522,0.893063583815029,0.882273603082852,0.932369942196532,0.952601156069364,0.923506743737958,0.958188824662813,0.880732177263969,0.979190751445087,0.936030828516378,0.902697495183044,0.934296724470135,0.954335260115607,0.971676300578035,0.93121387283237,0.93757225433526,0.955876685934489,0.932369942196532,0.940269749518304,0.913294797687861,0.931599229287091,0.901926782273603,0.917533718689788,0.907321772639692,0.914836223506744,0.900385356454721,0.979383429672447,0.944894026974952,0.93718689788054,0.913294797687861,0,0.976878612716763,0.908477842003854,0.890173410404624,0.915414258188825,0.909441233140655,0.978420038535646,0.955105973025048,0.976878612716763,0.89383429672447,0.908863198458574,0.96897880539499,0.945664739884393,0.923892100192678,0.903660886319846,0.967630057803468,0.953371868978805,0.909441233140655,0.936223506743738,0.904431599229287,0.942196531791908,0.96878612716763,0.873410404624277,0.936030828516378,0.960886319845857,0.938728323699422,0.9,0.963776493256262,0.926782273603083,0.958766859344894,0.978998073217726,0.913294797687861,0.926396917148362,0.857803468208093,0.930635838150289,0.960308285163777,0.923314065510597,0.940269749518304,0.963776493256262,0.889017341040462,0.928709055876686,0.882080924855491,0.940847784200385,0.961849710982659,0.955298651252408,0.907707129094412,0.907899807321773,0.922157996146435,0.958766859344894,0.938342967244701,0.948554913294798,0.964932562620424,0.898265895953757,0.944894026974952,0.979576107899807,0.958381502890173,0.977456647398844,0.915028901734104,0.903082851637765,0.944315992292871,0.936994219653179,0.935260115606936,0.965895953757225,0.93757225433526,0.929672447013488,0.973410404624277,0.93140655105973,0.913102119460501,0.925626204238921,0.916955684007707,0.905202312138728,0.904816955684008,0.896724470134875,0.90635838150289,0.87495183044316,0.891522157996146,0.965317919075145,0.965895953757225,0.978420038535646,0.980154142581888,0.922350674373796,0.919267822736031,0.979768786127168,0.919267822736031,0.882466281310212,0.904816955684008,0.978227360308285,0.88728323699422,0.973217726396917,0.958574181117534,0.915799614643545,0.913487475915222,0.905202312138728,0.916763005780347,0.935260115606936,0.851637764932563,0.976107899807322,0.919653179190751,0.919267822736031,0.951252408477842,0.933526011560694,0.904624277456647,0.923121387283237,0.88766859344894
R-079,0.948362235067437,0.904431599229287,0.86859344894027,0.989402697495183,0.954527938342967,0.991329479768786,0.973410404624277,0.977263969171484,0.891329479768786,0.87533718689788,0.83776493256262,0.932947976878613,0.98092485549133,0.977456647398844,0.942389210019268,0.989210019267823,0.940269749518304,0.988246628131021,0.983236994219653,0.954142581888247,0.939884393063584,0.955684007707129,0.864739884393064,0.927552986512524,0.973795761078998,0.998073217726397,0.990558766859345,0.868208092485549,0.989017341040462,0.980539499036609,0.916955684007707,0.953371868978805,0.976493256262042,0.974566473988439,0.969556840077071,0.947206165703276,0.946435452793834,0.92485549132948,0.959152215799615,0.953757225433526,0.89980732177264,1,0.971290944123314,0.962042389210019,0.976878612716763,0,0.910019267822736,0.953564547206166,0.979576107899807,0.958188824662813,0.841618497109827,0.952793834296724,0.848940269749518,0.985356454720617,0.98131021194605,0.978805394990366,0.94971098265896,0.988053949903661,0.95009633911368,0.860500963391137,0.965703275529865,0.914643545279383,0.998843930635838,0.969942196531792,0.998265895953757,0.852601156069364,0.954335260115607,0.962042389210019,0.913680154142582,0.979961464354528,0.931791907514451,0.878034682080925,0.985356454720617,0.840847784200385,0.847206165703276,0.955298651252408,0.966088631984586,0.946820809248555,0.902312138728324,0.960308285163777,0.989788053949904,0.928516377649326,0.822157996146435,0.969364161849711,0.903853564547206,0.956647398843931,0.938728323699422,0.881888246628131,0.974181117533719,0.949518304431599,0.984200385356455,0.962042389210019,0.979383429672447,0.995568400770713,0.952023121387283,0.988246628131021,0.992678227360308,0.964161849710983,0.844315992292871,0.980346820809249,0.904046242774566,0.961849710982659,0.915221579961464,0.919653179190751,0.964547206165703,0.932755298651252,0.912909441233141,0.969942196531792,0.965895953757225,0.887090558766859,0.928131021194605,0.925626204238921,0.860308285163776,0.967052023121387,0.95645472061657,0.976685934489403,0.94354527938343,0.956647398843931,0.942196531791908,0.96897880539499,0.988439306358382,0.892485549132948,0.859152215799615,0.926204238921002,0.98111753371869,0.911560693641619,0.8252408477842,0.980154142581888,0.972832369942197,0.920809248554913,0.889788053949904,0.91907514450867,0.95028901734104,0.934489402697495,0.952986512524085,0.961849710982659,0.978612716763006,0.978034682080925,0.912909441233141,0.950867052023121,0.861657032755299,0.921772639691715,0.956647398843931,0.89980732177264,0.954335260115607,0.979383429672447,0.969942196531792,0.937957610789981
R-080,0.939306358381503,0.755491329479769,0.920423892100193,0.91233140655106,0.91888246628131,0.928709055876686,0.84412331406551,0.948169556840077,0.915414258188825,0.944315992292871,0.9252408477842,0.836030828516378,0.849132947976879,0.886897880539499,0.802890173410405,0.89364161849711,0.93121387283237,0.904046242774566,0.938342967244701,0.88747591522158,0.867822736030828,0.851252408477842,0.895761078998073,0.838342967244701,0.869364161849711,0.926589595375722,0.965125240847784,0.947013487475915,0.892100192678227,0.909248554913295,0.908092485549133,0.904816955684008,0.899229287090559,0.91271676300578,0.840655105973025,0.840655105973025,0.822543352601156,0.821194605009634,0.892870905587669,0.828323699421965,0.946242774566474,0.921965317919075,0.892292870905588,0.784971098265896,0.908477842003854,0.910019267822736,0,0.930250481695568,0.850481695568401,0.832755298651252,0.905587668593449,0.914643545279383,0.93776493256262,0.851830443159923,0.876878612716763,0.98766859344894,0.9252408477842,0.879768786127168,0.863198458574181,0.917533718689788,0.961078998073218,0.795375722543353,0.869556840077071,0.876878612716763,0.946628131021195,0.858766859344894,0.824277456647399,0.881695568400771,0.893256262042389,0.959152215799615,0.815799614643545,0.945857418111753,0.856647398843931,0.842967244701349,0.886897880539499,0.836030828516378,0.898843930635838,0.859922928709056,0.811753371868979,0.836801541425819,0.86840077071291,0.891136801541426,0.92485549132948,0.876685934489403,0.914065510597302,0.920616570327553,0.847013487475915,0.881888246628131,0.928323699421965,0.888631984585742,0.870327552986513,0.909055876685934,0.964932562620424,0.908092485549133,0.93102119460501,0.886319845857418,0.864932562620424,0.919267822736031,0.910789980732177,0.935645472061657,0.95626204238921,0.949518304431599,0.765317919075144,0.917533718689788,0.886319845857418,0.884007707129094,0.904624277456647,0.913294797687861,0.902119460500963,0.94393063583815,0.882080924855491,0.891329479768786,0.855298651252408,0.874373795761079,0.906743737957611,0.845857418111753,0.830057803468208,0.941618497109827,0.819267822736031,0.878805394990366,0.96897880539499,0.827552986512524,0.934489402697495,0.920809248554913,0.882466281310212,0.772061657032755,0.909055876685934,0.905009633911368,0.829865125240848,0.871868978805395,0.932369942196532,0.829094412331407,0.847591522157996,0.842389210019268,0.890944123314065,0.9,0.883044315992293,0.89364161849711,0.90616570327553,0.904624277456647,0.942003853564547,0.902697495183044,0.835067437379576,0.855491329479769,0.874373795761079,0.889210019267823,0.896724470134875,0.891522157996146
R-083,0.877456647398844,0.926974951830443,0.954913294797688,0.84393063583815,0.825818882466281,0.876878612716763,0.892678227360308,0.960693641618497,0.863391136801541,0.967630057803468,0.953564547206166,0.766473988439306,0.859537572254335,0.819267822736031,0.933718689788054,0.8747591522158,0.879576107899807,0.856840077071291,0.807514450867052,0.938342967244701,0.946242774566474,0.872447013487476,0.953371868978805,0.930635838150289,0.928323699421965,0.835645472061657,0.86897880539499,0.946820809248555,0.830635838150289,0.835260115606936,0.846242774566474,0.859344894026975,0.811368015414258,0.900770712909441,0.897880539499037,0.896146435452794,0.931599229287091,0.902890173410405,0.853371868978805,0.898651252408478,0.959537572254335,0.855105973025048,0.78728323699422,0.891136801541426,0.890173410404624,0.953564547206166,0.930250481695568,0,0.910211946050096,0.889402697495183,0.961464354527938,0.847976878612717,0.947976878612717,0.90635838150289,0.807321772639692,0.955491329479769,0.872832369942196,0.812909441233141,0.883429672447014,0.944315992292871,0.936223506743738,0.917919075144509,0.869364161849711,0.825626204238921,0.927938342967245,0.938535645472062,0.874566473988439,0.809826589595376,0.945279383429672,0.83102119460501,0.916955684007707,0.948940269749518,0.906936416184971,0.932755298651252,0.945857418111753,0.926589595375722,0.836994219653179,0.879576107899807,0.929865125240848,0.955491329479769,0.897302504816956,0.833333333333333,0.954913294797688,0.823121387283237,0.86878612716763,0.854335260115607,0.951445086705202,0.944894026974952,0.826396917148362,0.790558766859345,0.854720616570328,0.82504816955684,0.938728323699422,0.857418111753372,0.826396917148362,0.948554913294798,0.848940269749518,0.842967244701349,0.936608863198459,0.928709055876686,0.947013487475915,0.783429672447013,0.922157996146435,0.904624277456647,0.85606936416185,0.799614643545279,0.960886319845857,0.835067437379576,0.835838150289017,0.953179190751445,0.902504816955684,0.88766859344894,0.934489402697495,0.834489402697495,0.80616570327553,0.881695568400771,0.853371868978805,0.863391136801541,0.905394990366089,0.837957610789981,0.903468208092486,0.953371868978805,0.960500963391137,0.972447013487476,0.844894026974952,0.930635838150289,0.948747591522158,0.836994219653179,0.869364161849711,0.771098265895954,0.946628131021195,0.852793834296725,0.975915221579961,0.940462427745665,0.800770712909441,0.836608863198459,0.883044315992293,0.790558766859345,0.834104046242775,0.876685934489403,0.952601156069364,0.849132947976879,0.805394990366089,0.936416184971098,0.916184971098266,0.889402697495183,0.860693641618497,0.791522157996146
R-084,0.919845857418112,0.86223506743738,0.970134874759152,0.933140655105973,0.889595375722543,0.923892100192678,0.886127167630058,0.946820809248555,0.94354527938343,0.988246628131021,0.972447013487476,0.841811175337187,0.868208092485549,0.886512524084778,0.844894026974952,0.864161849710983,0.904816955684008,0.894990366088632,0.901348747591522,0.915414258188825,0.916763005780347,0.895761078998073,0.969171483622351,0.919845857418112,0.940655105973025,0.901156069364162,0.909441233140655,0.980346820809249,0.859537572254335,0.894412331406551,0.957032755298651,0.890944123314065,0.899614643545279,0.879768786127168,0.872254335260116,0.879383429672447,0.899229287090559,0.852215799614644,0.874373795761079,0.83757225433526,0.964547206165703,0.892485549132948,0.876300578034682,0.873603082851638,0.915414258188825,0.979576107899807,0.850481695568401,0.910211946050096,0,0.822543352601156,0.967822736030828,0.942003853564547,0.978805394990366,0.847591522157996,0.861849710982659,0.968208092485549,0.935645472061657,0.907321772639692,0.905202312138728,0.965703275529865,0.93718689788054,0.889210019267823,0.85606936416185,0.896339113680154,0.922157996146435,0.941811175337187,0.835452793834297,0.889788053949904,0.963969171483622,0.947976878612717,0.832369942196532,0.967052023121387,0.870905587668593,0.956647398843931,0.976107899807322,0.880346820809249,0.913487475915222,0.876878612716763,0.907899807321773,0.883044315992293,0.814450867052023,0.936416184971098,0.972254335260116,0.890366088631985,0.928709055876686,0.907899807321773,0.846050096339114,0.957803468208092,0.932562620423892,0.90019267822736,0.836994219653179,0.894605009633911,0.927552986512524,0.904046242774566,0.934104046242775,0.939113680154143,0.863198458574181,0.891714836223507,0.961657032755299,0.908285163776493,0.97495183044316,0.9252408477842,0.864547206165703,0.93718689788054,0.860886319845857,0.919653179190751,0.961078998073218,0.894990366088632,0.919267822736031,0.980154142581888,0.913872832369942,0.865317919075145,0.934296724470135,0.881888246628131,0.888439306358382,0.801156069364162,0.817726396917148,0.921001926782274,0.885549132947977,0.869556840077071,0.922157996146435,0.930250481695568,0.970905587668593,0.96281310211946,0.88728323699422,0.880732177263969,0.967244701348748,0.905780346820809,0.898265895953757,0.877263969171484,0.984007707129094,0.81888246628131,0.932755298651252,0.903660886319846,0.909826589595376,0.881695568400771,0.822543352601156,0.863198458574181,0.90616570327553,0.920809248554913,0.979190751445087,0.914450867052023,0.846628131021195,0.948554913294798,0.848362235067437,0.886705202312139,0.90019267822736,0.886705202312139
R-141,0.899421965317919,0.85645472061657,0.949325626204239,0.847398843930636,0.901156069364162,0.852215799614644,0.56242774566474,0.927552986512524,0.933718689788054,0.974181117533719,0.957803468208092,0.745857418111753,0.709633911368015,0.871676300578035,0.759730250481696,0.594219653179191,0.929287090558767,0.822157996146435,0.91271676300578,0.915606936416185,0.940655105973025,0.830250481695568,0.95028901734104,0.915414258188825,0.773410404624277,0.867822736030828,0.901156069364162,0.967437379576108,0.777071290944123,0.813294797687861,0.916570327552987,0.83140655105973,0.884778420038536,0.886897880539499,0.732755298651252,0.661849710982659,0.910597302504817,0.90019267822736,0.877263969171484,0.86242774566474,0.969749518304432,0.863391136801541,0.879961464354528,0.78131021194605,0.909441233140655,0.958188824662813,0.832755298651252,0.889402697495183,0.822543352601156,0,0.947976878612717,0.890944123314065,0.973988439306358,0.825818882466281,0.803468208092486,0.964932562620424,0.916955684007707,0.871483622350674,0.667052023121387,0.944894026974952,0.964932562620424,0.867437379576108,0.683815028901734,0.834296724470135,0.908670520231214,0.933333333333333,0.848940269749518,0.885741811175337,0.966088631984586,0.933140655105973,0.795183044315992,0.964932562620424,0.740847784200385,0.942003853564547,0.95645472061657,0.884393063583815,0.791907514450867,0.84971098265896,0.91907514450867,0.92485549132948,0.569942196531792,0.861849710982659,0.966088631984586,0.784585741811175,0.922157996146435,0.879768786127168,0.819653179190751,0.942196531791908,0.886512524084778,0.847591522157996,0.662042389210019,0.845279383429672,0.915028901734104,0.856647398843931,0.88092485549133,0.941811175337187,0.67514450867052,0.888053949903661,0.951059730250482,0.908285163776493,0.961849710982659,0.91849710982659,0.762042389210019,0.930828516377649,0.850674373795761,0.838728323699422,0.964547206165703,0.885163776493256,0.85028901734104,0.973603082851638,0.900770712909441,0.932369942196532,0.841040462427746,0.734682080924856,0.830443159922929,0.733140655105973,0.7,0.927938342967245,0.815221579961464,0.692870905587669,0.917341040462428,0.944894026974952,0.95009633911368,0.965317919075145,0.752408477842004,0.791136801541426,0.955876685934489,0.849325626204239,0.716763005780347,0.856647398843931,0.968208092485549,0.793063583815029,0.948554913294798,0.939306358381503,0.874566473988439,0.802312138728324,0.803468208092486,0.832562620423892,0.821772639691715,0.88150289017341,0.969364161849711,0.880154142581888,0.742196531791907,0.957225433526012,0.926011560693642,0.91907514450867,0.85645472061657,0.889595375722543
R-142,0.94354527938343,0.836030828516378,0.71868978805395,0.98111753371869,0.947013487475915,0.982466281310212,0.956647398843931,0.977649325626204,0.803275529865125,0.806743737957611,0.747206165703276,0.882466281310212,0.951445086705202,0.972061657032755,0.92485549132948,0.985356454720617,0.903468208092486,0.967822736030828,0.975915221579961,0.938342967244701,0.900963391136802,0.930635838150289,0.820423892100193,0.869364161849711,0.952023121387283,0.992485549132948,0.977071290944123,0.827745664739884,0.983236994219653,0.963969171483622,0.908863198458574,0.949132947976879,0.969364161849711,0.958188824662813,0.958381502890173,0.938535645472062,0.91271676300578,0.893256262042389,0.941233140655106,0.927167630057803,0.783429672447013,0.996339113680154,0.961078998073218,0.938342967244701,0.978420038535646,0.841618497109827,0.905587668593449,0.961464354527938,0.967822736030828,0.947976878612717,0,0.94393063583815,0.835067437379576,0.974181117533719,0.96242774566474,0.996339113680154,0.947976878612717,0.97533718689788,0.932562620423892,0.83140655105973,0.957225433526012,0.859344894026975,0.9878612716763,0.957225433526012,0.992870905587669,0.740077071290944,0.930443159922929,0.941040462427746,0.909633911368015,0.973025048169557,0.91888246628131,0.804816955684008,0.957610789980732,0.804046242774566,0.742581888246628,0.909633911368015,0.957610789980732,0.914258188824663,0.850867052023121,0.925433526011561,0.974181117533719,0.940847784200385,0.793063583815029,0.961464354527938,0.819267822736031,0.963776493256262,0.927745664739884,0.808285163776493,0.959152215799615,0.91868978805395,0.981888246628131,0.947591522157996,0.964354527938343,0.990173410404624,0.939113680154143,0.979190751445087,0.979383429672447,0.965510597302505,0.765895953757225,0.96281310211946,0.83776493256262,0.951830443159923,0.908670520231214,0.88111753371869,0.94990366088632,0.895761078998073,0.770520231213873,0.941233140655106,0.945857418111753,0.741233140655106,0.934296724470135,0.896917148362235,0.780539499036609,0.964932562620424,0.951252408477842,0.958959537572254,0.927938342967245,0.963391136801541,0.921579961464355,0.958574181117534,0.972832369942197,0.79344894026975,0.735838150289017,0.897687861271676,0.980346820809249,0.897495183044316,0.719653179190751,0.983815028901734,0.960693641618497,0.921772639691715,0.851830443159923,0.908477842003854,0.934296724470135,0.890944123314065,0.956840077071291,0.964354527938343,0.966088631984586,0.969749518304432,0.886127167630058,0.941040462427746,0.753179190751445,0.843159922928709,0.936030828516378,0.92485549132948,0.933718689788054,0.965703275529865,0.953757225433526,0.891136801541426
R-143,0.839691714836224,0.930635838150289,0.952215799614644,0.717533718689788,0.932562620423892,0.936801541425819,0.860500963391137,0.888246628131021,0.909633911368015,0.90635838150289,0.949132947976879,0.789595375722543,0.85626204238921,0.900963391136802,0.916955684007707,0.89980732177264,0.94990366088632,0.73776493256262,0.779576107899807,0.83776493256262,0.919653179190751,0.795953757225433,0.951637764932563,0.868208092485549,0.919460500963391,0.745857418111753,0.836223506743738,0.952023121387283,0.785549132947977,0.871098265895954,0.766088631984586,0.810597302504817,0.757803468208093,0.939499036608863,0.854720616570328,0.860500963391137,0.932947976878613,0.896339113680154,0.935452793834297,0.871676300578035,0.892100192678227,0.809248554913295,0.735067437379576,0.823892100192678,0.955105973025048,0.952793834296724,0.914643545279383,0.847976878612717,0.942003853564547,0.890944123314065,0.94393063583815,0,0.920231213872832,0.877649325626204,0.852601156069364,0.984778420038536,0.836608863198459,0.703082851637765,0.901348747591522,0.818304431599229,0.972061657032755,0.830828516377649,0.856647398843931,0.754527938342967,0.953371868978805,0.937957610789981,0.854913294797688,0.721772639691715,0.913102119460501,0.93757225433526,0.900963391136802,0.973025048169557,0.92504816955684,0.931791907514451,0.948169556840077,0.882658959537572,0.769942196531792,0.91868978805395,0.879768786127168,0.966473988439306,0.905009633911368,0.694990366088632,0.959922928709056,0.857996146435453,0.915221579961464,0.927745664739884,0.936223506743738,0.929094412331407,0.689210019267823,0.699229287090559,0.88111753371869,0.755298651252408,0.971868978805395,0.770520231213873,0.683622350674374,0.89364161849711,0.864161849710983,0.911368015414258,0.903082851637765,0.879768786127168,0.878420038535645,0.926396917148362,0.873025048169557,0.95009633911368,0.898458574181118,0.666473988439306,0.9,0.766473988439306,0.71233140655106,0.920038535645472,0.845857418111753,0.944701348747591,0.909055876685934,0.835645472061657,0.891329479768786,0.907899807321773,0.873603082851638,0.939884393063584,0.856647398843931,0.78111753371869,0.921965317919075,0.94373795761079,0.963969171483622,0.973217726396917,0.781888246628131,0.873217726396917,0.960500963391137,0.758766859344894,0.83121387283237,0.721194605009634,0.909055876685934,0.890173410404624,0.976300578034682,0.892678227360308,0.88747591522158,0.756647398843931,0.890173410404624,0.767822736030829,0.88766859344894,0.921387283236994,0.918304431599229,0.904624277456647,0.823506743737958,0.919267822736031,0.95626204238921,0.947398843930636,0.813872832369942,0.907707129094412
R-144,0.928323699421965,0.921965317919075,0.852601156069364,0.967244701348748,0.945086705202312,0.98728323699422,0.978805394990366,0.936801541425819,0.845664739884393,0.823121387283237,0.796724470134875,0.9121387283237,0.961271676300578,0.965895953757225,0.959152215799615,0.988246628131021,0.899614643545279,0.968400770712909,0.939691714836223,0.944508670520231,0.918111753371869,0.907321772639692,0.869171483622351,0.881695568400771,0.940847784200385,0.955684007707129,0.967822736030828,0.770905587668593,0.972254335260116,0.960500963391137,0.857610789980732,0.959152215799615,0.940655105973025,0.96242774566474,0.96897880539499,0.954335260115607,0.948747591522158,0.892100192678227,0.966088631984586,0.934104046242775,0.836223506743738,0.993256262042389,0.936223506743738,0.934104046242775,0.976878612716763,0.848940269749518,0.93776493256262,0.947976878612717,0.978805394990366,0.973988439306358,0.835067437379576,0.920231213872832,0,0.961849710982659,0.96242774566474,0.989595375722543,0.931984585741811,0.953371868978805,0.93718689788054,0.851830443159923,0.953949903660886,0.891522157996146,0.990558766859345,0.945664739884393,0.985163776493256,0.871483622350674,0.939884393063584,0.92504816955684,0.842196531791908,0.969171483622351,0.946050096339114,0.854527938342967,0.98131021194605,0.801156069364162,0.836223506743738,0.946050096339114,0.934682080924855,0.947398843930636,0.892870905587669,0.971098265895954,0.98747591522158,0.87495183044316,0.815992292870906,0.963391136801541,0.869556840077071,0.944894026974952,0.96281310211946,0.883622350674374,0.941618497109827,0.903275529865125,0.980732177263969,0.945857418111753,0.976685934489403,0.98728323699422,0.939884393063584,0.941040462427746,0.983622350674374,0.952408477842004,0.765125240847784,0.9747591522158,0.819653179190751,0.923121387283237,0.863005780346821,0.902312138728324,0.949518304431599,0.881888246628131,0.866666666666667,0.928516377649326,0.940077071290944,0.810404624277457,0.894219653179191,0.915799614643545,0.836801541425819,0.963776493256262,0.967437379576108,0.973988439306358,0.95626204238921,0.957225433526012,0.912909441233141,0.96897880539499,0.970905587668593,0.909826589595376,0.841233140655106,0.928323699421965,0.968208092485549,0.871676300578035,0.807129094412331,0.940655105973025,0.967244701348748,0.878998073217726,0.770134874759152,0.927938342967245,0.984007707129094,0.901348747591522,0.941040462427746,0.950481695568401,0.965510597302505,0.955876685934489,0.929479768786127,0.945472061657033,0.791329479768786,0.905587668593449,0.951637764932563,0.846435452793834,0.959344894026975,0.978034682080925,0.953179190751445,0.920809248554913
R-145,0.861849710982659,0.901156069364162,0.96897880539499,0.828516377649326,0.922350674373796,0.938342967244701,0.822543352601156,0.872254335260116,0.957803468208092,0.960693641618497,0.972447013487476,0.847784200385356,0.848169556840077,0.901926782273603,0.827167630057803,0.825433526011561,0.913487475915222,0.748362235067437,0.84354527938343,0.770712909441233,0.84354527938343,0.736994219653179,0.985549132947977,0.84971098265896,0.876300578034682,0.804624277456647,0.826011560693642,0.949325626204239,0.747591522157996,0.907321772639692,0.902504816955684,0.818111753371869,0.831984585741811,0.917148362235067,0.86281310211946,0.832947976878613,0.911175337186898,0.829865125240848,0.926782273603083,0.660308285163776,0.916184971098266,0.835067437379576,0.81252408477842,0.725818882466281,0.89383429672447,0.985356454720617,0.851830443159923,0.90635838150289,0.847591522157996,0.825818882466281,0.974181117533719,0.877649325626204,0.961849710982659,0,0.888053949903661,0.970712909441233,0.808670520231214,0.778998073217726,0.836608863198459,0.935452793834297,0.955491329479769,0.789210019267823,0.848169556840077,0.802890173410405,0.946628131021195,0.964161849710983,0.726011560693642,0.79364161849711,0.903275529865125,0.940462427745665,0.860886319845857,0.966088631984586,0.890944123314065,0.958574181117534,0.986705202312139,0.808285163776493,0.80635838150289,0.873025048169557,0.835645472061657,0.932562620423892,0.839499036608863,0.846242774566474,0.969942196531792,0.873410404624277,0.945857418111753,0.922543352601156,0.904431599229287,0.9626204238921,0.863969171483622,0.808670520231214,0.820423892100193,0.834874759152216,0.966666666666667,0.801541425818882,0.873410404624277,0.782466281310212,0.815221579961464,0.941618497109827,0.944701348747591,0.830057803468208,0.942774566473988,0.944508670520231,0.727745664739884,0.947013487475915,0.898073217726397,0.832562620423892,0.93140655105973,0.858381502890173,0.8252408477842,0.96242774566474,0.83159922928709,0.884971098265896,0.897495183044316,0.81849710982659,0.911753371868979,0.842389210019268,0.86859344894027,0.933526011560694,0.705394990366089,0.76840077071291,0.934682080924855,0.940847784200385,0.966859344894027,0.96897880539499,0.801926782273603,0.770520231213873,0.971290944123314,0.770905587668593,0.674181117533719,0.764161849710983,0.963198458574181,0.886705202312139,0.936801541425819,0.829479768786127,0.926011560693642,0.816377649325626,0.851059730250482,0.866088631984586,0.938150289017341,0.921001926782274,0.952986512524085,0.934296724470135,0.848362235067437,0.864161849710983,0.894412331406551,0.895568400770713,0.820231213872832,0.915606936416185
R-146,0.91233140655106,0.888053949903661,0.954527938342967,0.834104046242775,0.876300578034682,0.863391136801541,0.83121387283237,0.961657032755299,0.883044315992293,0.978805394990366,0.967244701348748,0.722157996146435,0.743352601156069,0.776878612716763,0.833140655105973,0.847398843930636,0.91849710982659,0.858959537572254,0.853757225433526,0.928709055876686,0.931791907514451,0.859730250481696,0.955876685934489,0.915414258188825,0.9,0.797495183044316,0.903082851637765,0.976493256262042,0.834296724470135,0.797109826589595,0.90635838150289,0.852601156069364,0.810404624277457,0.901926782273603,0.749132947976879,0.854335260115607,0.907321772639692,0.902890173410405,0.834682080924856,0.884585741811175,0.96878612716763,0.846628131021195,0.81868978805395,0.853757225433526,0.908863198458574,0.98131021194605,0.876878612716763,0.807321772639692,0.861849710982659,0.803468208092486,0.96242774566474,0.852601156069364,0.96242774566474,0.888053949903661,0,0.965317919075145,0.927167630057803,0.837957610789981,0.808477842003854,0.952793834296724,0.952793834296724,0.87514450867052,0.76878612716763,0.862042389210019,0.917726396917148,0.941425818882466,0.879576107899807,0.830443159922929,0.971868978805395,0.854527938342967,0.857032755298651,0.957803468208092,0.84373795761079,0.952408477842004,0.958959537572254,0.902697495183044,0.877071290944123,0.872832369942196,0.91888246628131,0.92504816955684,0.80635838150289,0.858766859344894,0.971676300578035,0.71271676300578,0.902312138728324,0.868208092485549,0.892292870905588,0.942196531791908,0.81868978805395,0.809055876685934,0.800385356454721,0.861657032755299,0.919845857418112,0.876493256262042,0.884007707129094,0.951830443159923,0.780732177263969,0.815028901734104,0.952408477842004,0.927360308285164,0.972254335260116,0.851637764932563,0.891522157996146,0.931984585741811,0.752986512524085,0.811368015414258,0.966859344894027,0.806743737957611,0.822928709055877,0.975529865125241,0.910789980732177,0.91888246628131,0.897302504816956,0.728131021194605,0.808863198458574,0.823892100192678,0.796531791907514,0.905394990366089,0.886897880539499,0.830828516377649,0.883622350674374,0.952408477842004,0.965895953757225,0.963583815028902,0.852793834296725,0.87495183044316,0.963198458574181,0.815221579961464,0.872447013487476,0.797109826589595,0.953371868978805,0.831791907514451,0.953179190751445,0.923699421965318,0.789402697495183,0.853564547206166,0.84971098265896,0.786512524084778,0.836030828516378,0.875529865125241,0.974566473988439,0.821579961464355,0.670905587668593,0.955491329479769,0.908863198458574,0.903275529865125,0.87495183044316,0.808477842003854
R-147,0.960500963391137,0.984585741811175,0.990751445086705,0.978998073217726,0.944894026974952,0.944123314065511,0.965895953757225,0.959344894026975,0.980154142581888,1,0.980732177263969,0.961657032755299,0.966281310211946,0.969364161849711,0.973988439306358,0.951830443159923,0.972061657032755,0.977842003853565,0.979768786127168,0.973025048169557,1,0.968208092485549,0.987090558766859,0.983429672447014,0.961078998073218,0.973988439306358,0.968400770712909,0.958381502890173,0.953564547206166,0.948747591522158,0.989402697495183,0.961657032755299,0.982466281310212,0.972832369942197,0.982273603082852,0.95645472061657,0.983236994219653,0.98728323699422,0.979190751445087,0.977842003853565,0.992292870905588,0.969171483622351,0.97514450867052,0.982658959537572,0.96897880539499,0.978805394990366,0.98766859344894,0.955491329479769,0.968208092485549,0.964932562620424,0.996339113680154,0.984778420038536,0.989595375722543,0.970712909441233,0.965317919075145,0,0.972447013487476,0.978420038535646,0.941425818882466,0.985934489402697,0.958188824662813,0.986897880539499,0.973217726396917,0.970327552986513,0.985163776493256,0.995183044315992,0.955105973025048,0.978227360308285,0.964354527938343,0.98092485549133,0.989017341040462,0.979576107899807,0.969171483622351,0.960500963391137,0.986319845857418,0.985741811175337,0.984971098265896,0.964161849710983,0.989595375722543,0.995183044315992,0.959152215799615,0.971868978805395,0.98150289017341,0.964354527938343,0.970327552986513,0.913680154142582,0.983815028901734,0.990751445086705,0.980732177263969,0.979383429672447,0.955298651252408,0.976300578034682,0.986705202312139,0.953564547206166,0.972832369942197,0.991522157996146,0.961078998073218,0.982851637764933,0.971290944123314,0.977842003853565,0.986897880539499,0.947013487475915,0.967052023121387,0.978805394990366,0.984778420038536,0.972061657032755,0.989980732177264,0.982466281310212,0.971676300578035,0.989210019267823,0.973795761078998,0.98150289017341,0.987090558766859,0.97495183044316,0.945472061657033,0.966088631984586,0.965703275529865,0.94990366088632,0.9626204238921,0.972447013487476,0.98150289017341,0.998458574181117,0.993063583815029,0.995375722543353,0.957418111753372,0.979190751445087,0.971098265895954,0.984585741811175,0.965703275529865,0.969749518304432,0.991329479768786,0.968015414258189,0.990751445086705,0.988053949903661,0.967437379576108,0.963391136801541,0.969749518304432,0.974566473988439,0.979961464354528,0.954720616570328,0.975529865125241,0.966473988439306,0.978998073217726,0.988824662813102,0.985356454720617,0.966088631984586,0.958766859344894,0.941040462427746
R-148,0.619845857418112,0.923506743737958,0.950481695568401,0.847206165703276,0.914836223506744,0.95626204238921,0.930250481695568,0.727745664739884,0.940655105973025,0.907899807321773,0.936030828516378,0.842967244701349,0.918304431599229,0.946050096339114,0.920423892100193,0.931984585741811,0.901734104046243,0.752601156069364,0.828709055876686,0.825433526011561,0.865510597302505,0.823506743737958,0.947398843930636,0.868015414258189,0.949325626204239,0.809441233140655,0.673410404624277,0.908477842003854,0.728516377649326,0.915028901734104,0.785163776493256,0.804431599229287,0.822157996146435,0.933718689788054,0.93140655105973,0.916763005780347,0.940847784200385,0.874181117533719,0.953564547206166,0.76878612716763,0.916570327552987,0.789595375722543,0.792485549132948,0.841233140655106,0.945664739884393,0.94971098265896,0.9252408477842,0.872832369942196,0.935645472061657,0.916955684007707,0.947976878612717,0.836608863198459,0.931984585741811,0.808670520231214,0.927167630057803,0.972447013487476,0,0.763198458574181,0.929094412331407,0.913680154142582,0.969942196531792,0.876107899807322,0.926011560693642,0.750674373795761,0.98150289017341,0.936416184971098,0.864547206165703,0.8,0.847398843930636,0.947976878612717,0.916184971098266,0.954335260115607,0.961078998073218,0.900385356454721,0.948940269749518,0.869364161849711,0.789210019267823,0.93140655105973,0.854335260115607,0.955105973025048,0.924084778420039,0.747976878612717,0.936801541425819,0.899421965317919,0.936608863198459,0.923892100192678,0.947591522157996,0.928901734104046,0.805587668593449,0.772061657032755,0.914258188824663,0.754913294797688,0.963005780346821,0.683429672447013,0.820038535645472,0.846050096339114,0.910019267822736,0.951445086705202,0.921772639691715,0.669171483622351,0.90635838150289,0.956647398843931,0.800385356454721,0.94990366088632,0.94990366088632,0.800385356454721,0.910982658959538,0.870905587668593,0.809826589595376,0.937957610789981,0.632755298651252,0.940462427745665,0.926204238921002,0.89344894026975,0.928131021194605,0.890751445086705,0.909826589595376,0.918304431599229,0.785356454720617,0.788246628131021,0.948362235067437,0.933333333333333,0.957032755298651,0.970520231213873,0.765895953757225,0.877842003853565,0.946820809248555,0.786705202312139,0.818111753371869,0.755105973025048,0.932947976878613,0.876493256262042,0.964932562620424,0.847784200385356,0.931599229287091,0.729479768786127,0.78747591522158,0.845279383429672,0.913294797687861,0.914836223506744,0.930828516377649,0.943352601156069,0.884393063583815,0.860886319845857,0.926204238921002,0.948940269749518,0.691136801541426,0.928901734104046
R-149,0.811946050096339,0.923699421965318,0.970712909441233,0.598651252408478,0.928323699421965,0.919267822736031,0.858188824662813,0.889980732177264,0.901734104046243,0.960693641618497,0.958574181117534,0.74373795761079,0.814643545279383,0.818111753371869,0.900385356454721,0.867630057803468,0.947398843930636,0.640655105973025,0.596531791907514,0.828516377649326,0.865125240847784,0.765703275529865,0.973025048169557,0.847591522157996,0.907321772639692,0.651830443159923,0.810211946050096,0.957610789980732,0.667630057803468,0.85009633911368,0.641233140655106,0.822928709055877,0.65009633911368,0.914450867052023,0.851445086705202,0.873795761078998,0.899421965317919,0.871868978805395,0.860308285163776,0.795953757225433,0.949325626204239,0.73140655105973,0.559537572254335,0.784200385356455,0.923892100192678,0.988053949903661,0.879768786127168,0.812909441233141,0.907321772639692,0.871483622350674,0.97533718689788,0.703082851637765,0.953371868978805,0.778998073217726,0.837957610789981,0.978420038535646,0.763198458574181,0,0.872639691714836,0.929865125240848,0.962042389210019,0.819653179190751,0.8373795761079,0.5878612716763,0.94354527938343,0.961849710982659,0.792485549132948,0.554527938342967,0.889210019267823,0.899614643545279,0.907129094412331,0.965895953757225,0.901348747591522,0.952215799614644,0.983429672447014,0.852023121387283,0.629094412331407,0.895183044315992,0.849518304431599,0.94990366088632,0.885163776493256,0.572061657032755,0.969364161849711,0.842581888246628,0.920616570327553,0.913487475915222,0.939884393063584,0.953757225433526,0.626782273603083,0.516763005780347,0.859152215799615,0.651059730250482,0.964739884393064,0.646242774566474,0.647591522157996,0.8373795761079,0.828709055876686,0.850481695568401,0.952793834296724,0.86281310211946,0.948940269749518,0.892292870905588,0.784007707129094,0.946242774566474,0.839499036608863,0.610019267822736,0.932562620423892,0.766088631984586,0.673410404624277,0.964161849710983,0.809441233140655,0.936223506743738,0.909633911368015,0.818111753371869,0.892485549132948,0.884585741811175,0.876300578034682,0.926782273603083,0.770712909441233,0.731791907514451,0.91233140655106,0.947398843930636,0.971098265895954,0.977842003853565,0.61868978805395,0.849518304431599,0.977456647398844,0.576300578034682,0.761271676300578,0.548362235067437,0.9373795761079,0.880539499036609,0.958766859344894,0.871098265895954,0.826396917148362,0.64354527938343,0.846242774566474,0.653757225433526,0.914450867052023,0.90635838150289,0.95606936416185,0.91252408477842,0.802890173410405,0.900963391136802,0.957032755298651,0.923506743737958,0.820809248554913,0.870327552986513
R-150,0.915606936416185,0.87514450867052,0.927167630057803,0.853179190751445,0.889210019267823,0.865510597302505,0.664161849710983,0.933911368015414,0.898265895953757,0.957418111753372,0.929287090558767,0.747976878612717,0.73121387283237,0.884971098265896,0.797495183044316,0.703853564547206,0.926011560693642,0.866088631984586,0.923892100192678,0.901734104046243,0.942196531791908,0.829865125240848,0.921387283236994,0.894412331406551,0.766088631984586,0.894412331406551,0.93757225433526,0.917726396917148,0.827745664739884,0.827552986512524,0.903468208092486,0.872061657032755,0.904046242774566,0.920038535645472,0.780154142581888,0.729094412331407,0.90616570327553,0.914643545279383,0.898651252408478,0.890558766859345,0.964354527938343,0.901926782273603,0.899421965317919,0.788439306358382,0.903660886319846,0.95009633911368,0.863198458574181,0.883429672447014,0.905202312138728,0.667052023121387,0.932562620423892,0.901348747591522,0.93718689788054,0.836608863198459,0.808477842003854,0.941425818882466,0.929094412331407,0.872639691714836,0,0.928323699421965,0.932947976878613,0.854720616570328,0.748169556840077,0.863198458574181,0.91907514450867,0.921772639691715,0.858766859344894,0.914450867052023,0.94990366088632,0.889980732177264,0.840462427745665,0.910982658959538,0.805394990366089,0.902504816955684,0.9373795761079,0.917341040462428,0.836030828516378,0.824084778420039,0.899421965317919,0.93140655105973,0.684971098265896,0.858574181117534,0.940462427745665,0.770520231213873,0.90597302504817,0.866473988439306,0.930250481695568,0.932755298651252,0.897302504816956,0.876493256262042,0.735452793834297,0.905780346820809,0.939499036608863,0.865317919075145,0.922543352601156,0.944123314065511,0.703468208092486,0.93140655105973,0.9,0.939113680154143,0.937957610789981,0.894990366088632,0.789595375722543,0.899229287090559,0.889210019267823,0.864932562620424,0.954913294797688,0.908285163776493,0.859537572254335,0.957996146435453,0.908285163776493,0.93140655105973,0.804046242774566,0.74373795761079,0.826782273603083,0.796146435452794,0.795953757225433,0.90597302504817,0.809055876685934,0.785549132947977,0.9121387283237,0.955876685934489,0.931791907514451,0.961849710982659,0.807707129094412,0.78111753371869,0.907707129094412,0.877456647398844,0.740269749518304,0.873410404624277,0.959537572254335,0.852601156069364,0.952986512524085,0.921579961464355,0.860115606936416,0.847206165703276,0.863391136801541,0.871483622350674,0.846435452793834,0.890366088631985,0.940269749518304,0.83159922928709,0.751637764932563,0.934874759152216,0.949325626204239,0.919460500963391,0.88728323699422,0.872447013487476
R-152,0.872061657032755,0.839884393063584,0.793256262042389,0.9121387283237,0.940462427745665,0.98092485549133,0.935838150289017,0.91252408477842,0.866088631984586,0.742389210019268,0.836030828516378,0.867244701348748,0.963005780346821,0.969556840077071,0.909826589595376,0.989788053949904,0.9121387283237,0.879190751445087,0.902504816955684,0.868015414258189,0.779961464354528,0.893256262042389,0.889595375722543,0.786705202312139,0.96223506743738,0.939499036608863,0.971676300578035,0.800578034682081,0.957996146435453,0.955491329479769,0.851252408477842,0.932562620423892,0.921001926782274,0.937957610789981,0.961849710982659,0.928901734104046,0.888053949903661,0.86897880539499,0.951445086705202,0.865125240847784,0.708477842003854,0.964354527938343,0.907514450867052,0.864354527938343,0.967630057803468,0.860500963391137,0.917533718689788,0.944315992292871,0.965703275529865,0.944894026974952,0.83140655105973,0.818304431599229,0.851830443159923,0.935452793834297,0.952793834296724,0.985934489402697,0.913680154142582,0.929865125240848,0.928323699421965,0,0.950867052023121,0.753757225433526,0.996531791907514,0.90019267822736,0.996917148362235,0.843352601156069,0.881888246628131,0.898265895953757,0.8373795761079,0.892485549132948,0.875915221579961,0.832947976878613,0.951830443159923,0.832177263969171,0.855491329479769,0.896339113680154,0.936416184971098,0.886705202312139,0.798458574181118,0.92504816955684,0.938921001926782,0.878612716763006,0.852601156069364,0.956840077071291,0.850867052023121,0.966859344894027,0.940655105973025,0.790173410404624,0.85645472061657,0.864354527938343,0.983622350674374,0.921001926782274,0.946435452793834,0.949132947976879,0.852986512524085,0.917726396917148,0.991329479768786,0.974373795761079,0.667630057803468,0.907899807321773,0.671483622350674,0.950867052023121,0.879190751445087,0.83102119460501,0.941811175337187,0.853179190751445,0.69402697495183,0.910211946050096,0.866666666666667,0.779190751445087,0.845279383429672,0.91907514450867,0.839113680154143,0.955298651252408,0.883622350674374,0.968208092485549,0.969171483622351,0.921965317919075,0.847976878612717,0.921772639691715,0.953564547206166,0.885356454720617,0.811175337186898,0.920423892100193,0.953757225433526,0.849325626204239,0.832177263969171,0.951637764932563,0.930635838150289,0.885741811175337,0.803853564547206,0.942389210019268,0.902697495183044,0.741618497109827,0.930443159922929,0.951830443159923,0.96281310211946,0.935645472061657,0.88747591522158,0.933911368015414,0.667630057803468,0.871676300578035,0.883622350674374,0.861464354527938,0.93776493256262,0.97533718689788,0.912909441233141,0.897109826589595
R-153,0.959730250481696,0.92466281310212,0.946435452793834,0.964932562620424,0.945664739884393,0.951252408477842,0.95606936416185,0.963776493256262,0.897109826589595,0.97514450867052,0.922928709055877,0.930250481695568,0.973988439306358,0.95645472061657,0.950674373795761,0.961271676300578,0.939306358381503,0.961078998073218,0.973410404624277,0.983622350674374,0.963583815028902,0.952601156069364,0.956840077071291,0.941811175337187,0.962042389210019,0.976493256262042,0.966281310211946,0.914065510597302,0.967052023121387,0.930250481695568,0.97495183044316,0.958381502890173,0.960886319845857,0.944315992292871,0.966281310211946,0.947013487475915,0.944894026974952,0.946242774566474,0.950674373795761,0.940269749518304,0.965703275529865,0.967822736030828,0.952023121387283,0.949325626204239,0.953371868978805,0.965703275529865,0.961078998073218,0.936223506743738,0.93718689788054,0.964932562620424,0.957225433526012,0.972061657032755,0.953949903660886,0.955491329479769,0.952793834296724,0.958188824662813,0.969942196531792,0.962042389210019,0.932947976878613,0.950867052023121,0,0.941811175337187,0.967244701348748,0.958766859344894,0.86242774566474,0.949132947976879,0.933140655105973,0.965895953757225,0.93757225433526,0.942196531791908,0.941233140655106,0.911753371868979,0.955876685934489,0.91252408477842,0.96223506743738,0.972061657032755,0.971290944123314,0.807899807321773,0.945086705202312,0.952215799614644,0.941233140655106,0.941233140655106,0.941040462427746,0.961657032755299,0.935067437379576,0.947591522157996,0.953371868978805,0.938535645472062,0.955298651252408,0.9626204238921,0.9626204238921,0.964547206165703,0.865125240847784,0.982080924855491,0.96897880539499,0.978612716763006,0.934874759152216,0.973410404624277,0.92485549132948,0.979190751445087,0.952986512524085,0.929479768786127,0.943352601156069,0.927552986512524,0.963969171483622,0.96242774566474,0.977263969171484,0.98150289017341,0.96859344894027,0.951252408477842,0.965895953757225,0.938342967244701,0.926974951830443,0.90616570327553,0.934682080924855,0.959922928709056,0.96242774566474,0.958766859344894,0.95028901734104,0.969364161849711,0.855298651252408,0.96878612716763,0.946435452793834,0.969171483622351,0.972447013487476,0.928709055876686,0.921387283236994,0.972447013487476,0.960693641618497,0.949325626204239,0.96281310211946,0.954913294797688,0.963583815028902,0.946820809248555,0.943352601156069,0.970905587668593,0.967244701348748,0.957610789980732,0.958574181117534,0.960115606936416,0.963969171483622,0.953564547206166,0.93757225433526,0.949132947976879,0.929865125240848,0.94373795761079,0.973603082851638,0.930635838150289
R-154,0.829865125240848,0.78111753371869,0.841618497109827,0.879768786127168,0.900963391136802,0.924084778420039,0.836608863198459,0.913487475915222,0.84971098265896,0.78131021194605,0.861849710982659,0.803468208092486,0.885741811175337,0.899036608863198,0.789595375722543,0.895761078998073,0.876107899807322,0.810211946050096,0.892485549132948,0.787861271676301,0.692485549132948,0.78092485549133,0.90019267822736,0.583815028901734,0.870327552986513,0.890751445086705,0.915028901734104,0.873025048169557,0.830635838150289,0.928709055876686,0.81868978805395,0.842196531791908,0.823699421965318,0.899036608863198,0.873025048169557,0.828131021194605,0.772061657032755,0.746628131021195,0.905780346820809,0.748362235067437,0.781888246628131,0.859730250481696,0.828516377649326,0.668015414258189,0.909441233140655,0.914643545279383,0.795375722543353,0.917919075144509,0.889210019267823,0.867437379576108,0.859344894026975,0.830828516377649,0.891522157996146,0.789210019267823,0.87514450867052,0.986897880539499,0.876107899807322,0.819653179190751,0.854720616570328,0.753757225433526,0.941811175337187,0,0.904431599229287,0.807514450867052,0.936416184971098,0.829672447013488,0.76242774566474,0.801348747591522,0.764739884393064,0.872254335260116,0.783236994219653,0.897302504816956,0.867630057803468,0.836416184971098,0.904046242774566,0.725626204238921,0.838535645472062,0.819653179190751,0.621579961464355,0.878612716763006,0.849132947976879,0.817341040462428,0.907514450867052,0.870905587668593,0.883622350674374,0.918304431599229,0.883429672447014,0.789980732177264,0.843352601156069,0.782466281310212,0.888439306358382,0.831791907514451,0.93757225433526,0.869556840077071,0.86223506743738,0.765703275529865,0.900578034682081,0.938728323699422,0.787090558766859,0.877071290944123,0.842774566473988,0.946435452793834,0.684007707129094,0.844894026974952,0.886512524084778,0.760115606936416,0.763198458574181,0.821194605009634,0.820423892100193,0.832369942196532,0.827938342967245,0.886319845857418,0.799036608863198,0.858959537572254,0.829094412331407,0.872832369942196,0.869942196531792,0.916763005780347,0.678034682080925,0.810211946050096,0.940462427745665,0.841618497109827,0.877842003853565,0.923121387283237,0.854527938342967,0.680154142581888,0.908670520231214,0.858959537572254,0.791136801541426,0.778034682080925,0.875722543352601,0.869749518304432,0.866088631984586,0.602697495183044,0.871483622350674,0.871098265895954,0.866281310211946,0.869364161849711,0.861464354527938,0.907707129094412,0.789595375722543,0.858188824662813,0.795953757225433,0.703468208092486,0.895375722543353,0.922157996146435,0.820616570327553,0.86281310211946
R-155,0.915221579961464,0.910211946050096,1,0.820423892100193,0.928709055876686,0.870327552986513,0.695761078998073,0.950481695568401,0.958381502890173,0.997880539499037,1,0.73718689788054,0.696339113680154,0.868015414258189,0.789402697495183,0.713102119460501,0.966281310211946,0.839306358381503,0.87514450867052,0.922543352601156,0.982080924855491,0.835452793834297,0.992678227360308,0.954335260115607,0.840655105973025,0.822928709055877,0.886705202312139,1,0.794219653179191,0.782851637764933,0.911753371868979,0.855105973025048,0.866088631984586,0.907514450867052,0.647206165703275,0.770520231213873,0.943159922928709,0.921579961464355,0.90655105973025,0.908477842003854,0.99383429672447,0.849518304431599,0.865895953757225,0.810211946050096,0.936223506743738,0.998843930635838,0.869556840077071,0.869364161849711,0.85606936416185,0.683815028901734,0.9878612716763,0.856647398843931,0.990558766859345,0.848169556840077,0.76878612716763,0.973217726396917,0.926011560693642,0.8373795761079,0.748169556840077,0.996531791907514,0.967244701348748,0.904431599229287,0,0.840847784200385,0.913102119460501,0.989402697495183,0.865125240847784,0.864161849710983,0.984585741811175,0.933526011560694,0.842774566473988,0.996531791907514,0.767244701348748,0.994797687861272,0.991714836223507,0.898458574181118,0.811368015414258,0.892870905587669,0.95028901734104,0.964932562620424,0.721387283236994,0.842581888246628,1,0.757418111753372,0.945472061657033,0.907899807321773,0.888631984585742,0.99402697495183,0.879190751445087,0.82504816955684,0.724277456647399,0.861078998073218,0.940269749518304,0.843159922928709,0.882466281310212,0.943352601156069,0.661657032755299,0.879768786127168,0.998073217726397,0.914258188824663,1,0.924277456647399,0.847206165703276,0.973410404624277,0.84971098265896,0.822157996146435,0.988439306358382,0.835260115606936,0.828516377649326,0.999614643545279,0.904816955684008,0.964739884393064,0.883044315992293,0.668015414258189,0.862042389210019,0.773410404624277,0.744508670520231,0.942967244701349,0.86242774566474,0.772254335260116,0.900770712909441,0.98728323699422,1,0.994605009633911,0.784971098265896,0.845857418111753,0.995761078998073,0.839884393063584,0.794605009633911,0.846820809248555,0.984585741811175,0.835067437379576,0.990173410404624,0.98111753371869,0.869171483622351,0.81271676300578,0.844315992292871,0.80597302504817,0.857996146435453,0.910404624277457,0.995183044315992,0.877071290944123,0.697880539499037,0.976878612716763,0.963969171483622,0.93140655105973,0.857996146435453,0.904431599229287
R-156,0.760115606936416,0.900963391136802,0.936416184971098,0.695375722543353,0.919845857418112,0.9121387283237,0.821387283236994,0.888246628131021,0.932369942196532,0.944315992292871,0.940847784200385,0.709055876685935,0.847976878612717,0.895953757225434,0.862042389210019,0.864161849710983,0.915221579961464,0.600770712909441,0.634874759152216,0.834296724470135,0.902119460500963,0.817148362235067,0.960886319845857,0.835645472061657,0.892870905587669,0.73121387283237,0.776493256262042,0.929865125240848,0.578227360308285,0.829479768786127,0.666473988439306,0.731791907514451,0.755684007707129,0.879576107899807,0.853371868978805,0.842967244701349,0.870520231213873,0.878420038535645,0.923506743737958,0.771868978805395,0.894797687861272,0.715606936416185,0.623892100192678,0.751059730250482,0.904431599229287,0.969942196531792,0.876878612716763,0.825626204238921,0.896339113680154,0.834296724470135,0.957225433526012,0.754527938342967,0.945664739884393,0.802890173410405,0.862042389210019,0.970327552986513,0.750674373795761,0.5878612716763,0.863198458574181,0.90019267822736,0.958766859344894,0.807514450867052,0.840847784200385,0,0.934296724470135,0.946242774566474,0.781888246628131,0.627360308285164,0.902697495183044,0.93776493256262,0.873988439306358,0.93102119460501,0.883622350674374,0.926011560693642,0.963391136801541,0.875722543352601,0.532947976878613,0.877649325626204,0.84393063583815,0.94373795761079,0.840462427745665,0.632755298651252,0.947784200385356,0.849325626204239,0.913294797687861,0.905202312138728,0.927938342967245,0.930443159922929,0.678998073217726,0.614450867052023,0.836223506743738,0.571290944123314,0.934682080924855,0.640269749518304,0.663776493256262,0.809055876685934,0.828901734104046,0.923892100192678,0.914450867052023,0.823506743737958,0.922543352601156,0.93121387283237,0.792100192678227,0.925433526011561,0.88747591522158,0.699036608863198,0.90597302504817,0.811560693641619,0.703082851637765,0.924084778420039,0.78092485549133,0.931599229287091,0.889017341040462,0.806743737957611,0.85626204238921,0.841040462427746,0.832947976878613,0.91252408477842,0.78747591522158,0.65009633911368,0.904624277456647,0.940462427745665,0.929287090558767,0.959344894026975,0.518111753371869,0.834874759152216,0.949518304431599,0.690944123314066,0.777456647398844,0.642389210019268,0.949518304431599,0.852986512524085,0.961271676300578,0.858959537572254,0.886512524084778,0.558381502890173,0.809055876685934,0.655298651252408,0.879190751445087,0.88766859344894,0.932947976878613,0.886897880539499,0.797109826589595,0.893256262042389,0.944315992292871,0.928709055876686,0.734682080924856,0.892485549132948
R-157,0.983044315992293,0.973603082851638,0.992485549132948,0.945086705202312,0.9121387283237,0.872447013487476,0.905587668593449,0.972447013487476,0.929287090558767,0.984007707129094,0.994219653179191,0.916763005780347,0.905780346820809,0.933140655105973,0.929865125240848,0.91868978805395,0.961657032755299,0.931984585741811,0.971290944123314,0.96859344894027,0.981888246628131,0.942774566473988,0.997880539499037,0.961271676300578,0.922543352601156,0.94393063583815,0.953179190751445,0.988824662813102,0.908092485549133,0.942581888246628,0.982466281310212,0.917341040462428,0.951637764932563,0.935260115606936,0.941040462427746,0.929094412331407,0.955684007707129,0.963198458574181,0.945472061657033,0.947013487475915,0.986897880539499,0.939306358381503,0.954720616570328,0.939306358381503,0.942196531791908,0.998265895953757,0.946628131021195,0.927938342967245,0.922157996146435,0.908670520231214,0.992870905587669,0.953371868978805,0.985163776493256,0.946628131021195,0.917726396917148,0.985163776493256,0.98150289017341,0.94354527938343,0.91907514450867,0.996917148362235,0.86242774566474,0.936416184971098,0.913102119460501,0.934296724470135,0,0.971676300578035,0.933333333333333,0.957225433526012,0.993063583815029,0.949132947976879,0.942967244701349,0.992100192678227,0.919653179190751,0.982273603082852,0.997109826589595,0.964739884393064,0.934296724470135,0.727360308285164,0.954720616570328,0.979961464354528,0.901541425818882,0.963391136801541,0.998265895953757,0.918304431599229,0.960886319845857,0.914065510597302,0.971868978805395,0.995953757225434,0.957032755298651,0.944123314065511,0.908092485549133,0.93102119460501,0.726204238921002,0.939113680154143,0.961078998073218,0.983815028901734,0.870712909441233,0.952986512524085,0.994797687861272,0.972832369942197,0.995953757225434,0.936416184971098,0.939113680154143,0.977649325626204,0.930443159922929,0.932177263969171,0.985741811175337,0.946820809248555,0.951637764932563,0.980539499036609,0.957996146435453,0.94990366088632,0.945472061657033,0.86878612716763,0.899614643545279,0.915799614643545,0.889595375722543,0.952793834296724,0.938728323699422,0.913872832369942,0.487861271676301,0.989402697495183,0.991714836223507,0.994605009633911,0.924084778420039,0.934296724470135,0.997880539499037,0.941233140655106,0.93718689788054,0.946628131021195,0.985741811175337,0.927360308285164,0.982851637764933,0.982080924855491,0.926204238921002,0.927552986512524,0.935645472061657,0.942967244701349,0.903660886319846,0.938921001926782,0.988246628131021,0.917726396917148,0.924277456647399,0.990173410404624,0.961078998073218,0.940269749518304,0.936416184971098,0.924470134874759
R-158,0.922543352601156,0.76840077071291,0.834489402697495,0.973603082851638,0.91252408477842,0.92485549132948,0.948747591522158,0.972061657032755,0.795375722543353,0.863583815028902,0.833140655105973,0.876107899807322,0.940655105973025,0.953949903660886,0.902312138728324,0.978227360308285,0.918111753371869,0.950674373795761,0.963776493256262,0.916377649325626,0.860308285163776,0.936030828516378,0.769171483622351,0.846435452793834,0.963198458574181,0.987090558766859,0.983815028901734,0.89364161849711,0.98747591522158,0.96281310211946,0.898458574181118,0.954142581888247,0.951830443159923,0.964739884393064,0.958959537572254,0.917533718689788,0.909633911368015,0.875915221579961,0.919653179190751,0.904238921001927,0.870712909441233,0.991522157996146,0.939499036608863,0.904431599229287,0.96878612716763,0.852601156069364,0.858766859344894,0.938535645472062,0.941811175337187,0.933333333333333,0.740077071290944,0.937957610789981,0.871483622350674,0.964161849710983,0.941425818882466,0.995183044315992,0.936416184971098,0.961849710982659,0.921772639691715,0.843352601156069,0.949132947976879,0.829672447013488,0.989402697495183,0.946242774566474,0.971676300578035,0,0.929287090558767,0.932177263969171,0.889980732177264,0.936608863198459,0.877071290944123,0.847206165703276,0.947976878612717,0.757610789980732,0.735645472061657,0.91252408477842,0.967630057803468,0.88150289017341,0.822928709055877,0.86281310211946,0.94990366088632,0.928516377649326,0.851830443159923,0.954142581888247,0.836223506743738,0.934104046242775,0.889595375722543,0.779383429672447,0.945279383429672,0.921387283236994,0.973988439306358,0.936223506743738,0.963198458574181,0.974181117533719,0.930057803468208,0.957032755298651,0.985163776493256,0.957610789980732,0.795375722543353,0.96223506743738,0.891329479768786,0.943352601156069,0.883429672447014,0.876493256262042,0.927745664739884,0.891714836223507,0.8373795761079,0.954720616570328,0.954913294797688,0.827360308285164,0.922736030828516,0.858574181117534,0.827360308285164,0.952601156069364,0.919460500963391,0.944508670520231,0.890366088631985,0.959344894026975,0.909441233140655,0.948940269749518,0.96859344894027,0.73159922928709,0.847013487475915,0.903468208092486,0.974373795761079,0.85606936416185,0.799614643545279,0.96859344894027,0.946050096339114,0.902697495183044,0.854720616570328,0.883815028901734,0.858574181117534,0.847013487475915,0.930828516377649,0.957418111753372,0.957803468208092,0.961657032755299,0.839884393063584,0.940462427745665,0.84412331406551,0.852793834296725,0.90655105973025,0.893063583815029,0.86859344894027,0.880732177263969,0.947206165703276,0.894412331406551
R-159,0.89402697495183,0.859152215799615,0.925433526011561,0.826396917148362,0.859152215799615,0.901156069364162,0.841425818882466,0.888439306358382,0.897109826589595,0.925626204238921,0.924470134874759,0.820809248554913,0.850481695568401,0.876685934489403,0.807321772639692,0.84393063583815,0.882466281310212,0.78747591522158,0.882851637764933,0.818111753371869,0.842581888246628,0.708670520231214,0.943159922928709,0.769171483622351,0.867437379576108,0.844315992292871,0.874181117533719,0.945086705202312,0.758574181117534,0.901156069364162,0.894605009633911,0.801156069364162,0.815992292870906,0.88747591522158,0.861849710982659,0.819460500963391,0.852793834296725,0.741233140655106,0.897495183044316,0.685356454720617,0.873603082851638,0.842003853564547,0.816955684007707,0.750674373795761,0.873410404624277,0.954335260115607,0.824277456647399,0.874566473988439,0.835452793834297,0.848940269749518,0.930443159922929,0.854913294797688,0.939884393063584,0.726011560693642,0.879576107899807,0.955105973025048,0.864547206165703,0.792485549132948,0.858766859344894,0.881888246628131,0.933140655105973,0.76242774566474,0.865125240847784,0.781888246628131,0.933333333333333,0.929287090558767,0,0.804431599229287,0.861464354527938,0.936994219653179,0.841811175337187,0.941040462427746,0.870134874759152,0.913294797687861,0.944894026974952,0.755298651252408,0.827360308285164,0.836223506743738,0.783236994219653,0.909248554913295,0.858188824662813,0.855684007707129,0.942389210019268,0.870520231213873,0.889980732177264,0.879576107899807,0.86859344894027,0.918304431599229,0.851637764932563,0.798651252408478,0.845664739884393,0.79344894026975,0.941618497109827,0.855876685934489,0.865317919075145,0.822928709055877,0.847398843930636,0.93102119460501,0.907707129094412,0.847013487475915,0.879576107899807,0.910211946050096,0.725626204238921,0.914836223506744,0.9,0.817148362235067,0.89383429672447,0.838535645472062,0.790173410404624,0.898265895953757,0.841233140655106,0.866859344894027,0.864161849710983,0.843352601156069,0.889402697495183,0.845086705202312,0.846435452793834,0.899229287090559,0.680732177263969,0.782658959537572,0.922350674373796,0.892870905587669,0.935067437379576,0.952215799614644,0.827938342967245,0.754142581888247,0.944894026974952,0.85626204238921,0.742389210019268,0.773795761078998,0.941811175337187,0.840269749518304,0.929672447013488,0.81233140655106,0.886512524084778,0.836030828516378,0.81888246628131,0.846820809248555,0.898843930635838,0.885934489402697,0.91271676300578,0.88092485549133,0.822736030828516,0.839113680154143,0.909248554913295,0.883236994219653,0.807899807321773,0.84412331406551
R-160,0.815028901734104,0.912909441233141,0.945857418111753,0.702697495183044,0.91907514450867,0.944894026974952,0.886127167630058,0.94354527938343,0.905587668593449,0.888631984585742,0.944701348747591,0.757996146435453,0.857610789980732,0.848940269749518,0.889402697495183,0.902312138728324,0.93121387283237,0.676878612716763,0.523699421965318,0.842196531791908,0.842967244701349,0.800963391136802,0.95645472061657,0.83757225433526,0.93121387283237,0.683044315992293,0.783622350674374,0.947398843930636,0.691714836223507,0.87495183044316,0.618111753371869,0.801541425818882,0.650867052023121,0.909826589595376,0.872832369942196,0.898458574181118,0.901348747591522,0.847398843930636,0.895761078998073,0.780732177263969,0.864547206165703,0.758574181117534,0.482851637764933,0.777263969171484,0.936030828516378,0.962042389210019,0.881695568400771,0.809826589595376,0.889788053949904,0.885741811175337,0.941040462427746,0.721772639691715,0.92504816955684,0.79364161849711,0.830443159922929,0.978227360308285,0.8,0.554527938342967,0.914450867052023,0.898265895953757,0.965895953757225,0.801348747591522,0.864161849710983,0.627360308285164,0.957225433526012,0.932177263969171,0.804431599229287,0,0.889017341040462,0.928131021194605,0.893063583815029,0.959730250481696,0.920423892100193,0.922928709055877,0.951445086705202,0.842003853564547,0.623892100192678,0.911753371868979,0.829479768786127,0.938921001926782,0.904431599229287,0.591907514450867,0.951252408477842,0.855876685934489,0.902890173410405,0.930828516377649,0.905202312138728,0.929479768786127,0.571483622350674,0.500963391136802,0.86242774566474,0.598843930635838,0.949518304431599,0.666666666666667,0.593063583815029,0.820616570327553,0.869749518304432,0.855491329479769,0.940655105973025,0.864932562620424,0.923506743737958,0.900963391136802,0.834489402697495,0.939113680154143,0.827552986512524,0.550674373795761,0.880539499036609,0.741233140655106,0.699421965317919,0.921579961464355,0.83159922928709,0.89383429672447,0.904046242774566,0.820616570327553,0.891714836223507,0.883429672447014,0.866088631984586,0.940077071290944,0.830635838150289,0.733718689788054,0.91868978805395,0.907321772639692,0.947398843930636,0.969364161849711,0.648169556840077,0.859537572254335,0.955298651252408,0.573217726396917,0.801348747591522,0.536030828516378,0.891907514450867,0.871290944123314,0.953179190751445,0.842003853564547,0.839113680154143,0.631984585741811,0.872639691714836,0.628516377649326,0.873988439306358,0.911560693641619,0.904816955684008,0.878805394990366,0.808863198458574,0.884200385356455,0.92504816955684,0.941040462427746,0.783044315992293,0.877263969171484
R-161,0.87514450867052,0.879190751445087,0.916955684007707,0.972639691714836,0.96223506743738,0.974373795761079,0.965317919075145,0.852601156069364,0.907707129094412,0.823121387283237,0.865317919075145,0.929287090558767,0.973410404624277,0.978227360308285,0.935260115606936,0.98747591522158,0.928131021194605,0.932947976878613,0.926974951830443,0.853179190751445,0.769364161849711,0.889017341040462,0.916184971098266,0.755298651252408,0.967630057803468,0.965510597302505,0.948362235067437,0.752793834296724,0.92485549132948,0.954720616570328,0.86281310211946,0.941425818882466,0.897302504816956,0.95626204238921,0.974181117533719,0.942196531791908,0.909055876685934,0.8,0.97495183044316,0.821772639691715,0.79402697495183,0.933140655105973,0.894412331406551,0.852215799614644,0.960886319845857,0.913680154142582,0.893256262042389,0.945279383429672,0.963969171483622,0.966088631984586,0.909633911368015,0.913102119460501,0.842196531791908,0.903275529865125,0.971868978805395,0.964354527938343,0.847398843930636,0.889210019267823,0.94990366088632,0.8373795761079,0.93757225433526,0.764739884393064,0.984585741811175,0.902697495183044,0.993063583815029,0.889980732177264,0.861464354527938,0.889017341040462,0,0.955684007707129,0.917533718689788,0.889210019267823,0.983044315992293,0.784971098265896,0.898458574181118,0.808670520231214,0.941618497109827,0.944701348747591,0.759730250481696,0.933333333333333,0.977071290944123,0.813872832369942,0.878612716763006,0.96859344894027,0.91271676300578,0.955876685934489,0.938535645472062,0.878034682080925,0.928131021194605,0.89364161849711,0.983044315992293,0.919460500963391,0.983622350674374,0.941425818882466,0.930635838150289,0.778420038535645,0.99402697495183,0.975529865125241,0.815992292870906,0.910789980732177,0.85626204238921,0.93776493256262,0.702890173410405,0.916570327552987,0.973988439306358,0.897495183044316,0.821579961464355,0.916763005780347,0.912909441233141,0.856647398843931,0.823121387283237,0.915799614643545,0.90635838150289,0.970134874759152,0.958766859344894,0.968015414258189,0.953949903660886,0.942967244701349,0.802504816955684,0.926589595375722,0.981888246628131,0.892678227360308,0.903853564547206,0.952408477842004,0.93757225433526,0.789017341040462,0.857225433526012,0.939113680154143,0.873410404624277,0.852986512524085,0.835260115606936,0.942389210019268,0.936994219653179,0.735452793834297,0.95626204238921,0.922157996146435,0.939884393063584,0.958959537572254,0.934296724470135,0.947784200385356,0.851830443159923,0.933526011560694,0.944508670520231,0.687861271676301,0.948747591522158,0.968400770712909,0.907514450867052,0.9373795761079
R-162,0.919653179190751,0.863005780346821,0.91849710982659,0.931791907514451,0.893063583815029,0.922543352601156,0.897687861271676,0.96859344894027,0.860308285163776,0.976107899807322,0.954335260115607,0.857418111753372,0.895761078998073,0.850481695568401,0.919653179190751,0.947398843930636,0.931984585741811,0.917726396917148,0.930828516377649,0.963005780346821,0.904046242774566,0.935645472061657,0.963583815028902,0.907707129094412,0.956647398843931,0.917533718689788,0.961464354527938,0.946242774566474,0.948362235067437,0.911560693641619,0.943352601156069,0.95028901734104,0.882466281310212,0.958381502890173,0.933911368015414,0.918111753371869,0.948747591522158,0.936994219653179,0.872254335260116,0.939499036608863,0.976107899807322,0.953371868978805,0.913872832369942,0.904238921001927,0.938728323699422,0.979961464354528,0.959152215799615,0.83102119460501,0.947976878612717,0.933140655105973,0.973025048169557,0.93757225433526,0.969171483622351,0.940462427745665,0.854527938342967,0.98092485549133,0.947976878612717,0.899614643545279,0.889980732177264,0.892485549132948,0.942196531791908,0.872254335260116,0.933526011560694,0.93776493256262,0.949132947976879,0.936608863198459,0.936994219653179,0.928131021194605,0.955684007707129,0,0.903082851637765,0.935645472061657,0.890944123314065,0.939691714836223,0.983044315992293,0.966859344894027,0.960500963391137,0.894605009633911,0.935067437379576,0.944123314065511,0.901541425818882,0.909441233140655,0.960500963391137,0.892870905587669,0.919267822736031,0.91271676300578,0.960308285163777,0.921772639691715,0.885549132947977,0.920423892100193,0.945857418111753,0.945086705202312,0.951252408477842,0.952793834296724,0.937957610789981,0.948747591522158,0.929479768786127,0.884585741811175,0.861464354527938,0.953371868978805,0.942389210019268,0.823314065510597,0.960115606936416,0.856840077071291,0.863198458574181,0.91868978805395,0.977071290944123,0.927360308285164,0.935067437379576,0.978998073217726,0.963005780346821,0.924470134874759,0.935838150289017,0.904431599229287,0.76242774566474,0.939113680154143,0.932755298651252,0.896339113680154,0.938728323699422,0.949518304431599,0.940847784200385,0.973410404624277,0.947398843930636,0.965510597302505,0.954720616570328,0.888631984585742,0.95626204238921,0.916184971098266,0.953757225433526,0.877456647398844,0.96242774566474,0.932369942196532,0.916377649325626,0.847013487475915,0.8626204238921,0.946050096339114,0.952408477842004,0.921772639691715,0.889788053949904,0.940847784200385,0.968015414258189,0.909248554913295,0.821965317919075,0.951445086705202,0.934296724470135,0.939884393063584,0.957803468208092,0.848747591522158
R-163,0.894605009633911,0.777842003853565,0.899614643545279,0.901541425818882,0.917726396917148,0.910982658959538,0.818111753371869,0.94354527938343,0.90019267822736,0.953757225433526,0.928323699421965,0.799421965317919,0.851637764932563,0.892485549132948,0.695761078998073,0.877456647398844,0.909826589595376,0.882851637764933,0.915221579961464,0.868015414258189,0.860308285163776,0.851830443159923,0.927360308285164,0.839306358381503,0.892100192678227,0.915799614643545,0.926974951830443,0.941233140655106,0.897880539499037,0.846820809248555,0.900770712909441,0.886705202312139,0.898651252408478,0.920423892100193,0.793256262042389,0.824470134874759,0.861271676300578,0.832562620423892,0.893063583815029,0.845472061657033,0.947591522157996,0.923699421965318,0.894797687861272,0.81868978805395,0.9,0.931791907514451,0.815799614643545,0.916955684007707,0.832369942196532,0.795183044315992,0.91888246628131,0.900963391136802,0.946050096339114,0.860886319845857,0.857032755298651,0.989017341040462,0.916184971098266,0.907129094412331,0.840462427745665,0.875915221579961,0.941233140655106,0.783236994219653,0.842774566473988,0.873988439306358,0.942967244701349,0.877071290944123,0.841811175337187,0.893063583815029,0.917533718689788,0.903082851637765,0,0.923699421965318,0.840462427745665,0.904046242774566,0.940462427745665,0.831791907514451,0.889788053949904,0.832369942196532,0.839306358381503,0.888824662813102,0.797302504816956,0.892485549132948,0.935260115606936,0.86859344894027,0.923121387283237,0.902697495183044,0.767630057803468,0.876878612716763,0.891136801541426,0.882851637764933,0.855298651252408,0.900770712909441,0.947206165703276,0.908092485549133,0.894412331406551,0.928131021194605,0.838921001926782,0.917726396917148,0.879961464354528,0.903853564547206,0.931599229287091,0.939306358381503,0.821965317919075,0.848940269749518,0.886897880539499,0.880346820809249,0.905587668593449,0.9121387283237,0.885163776493256,0.939499036608863,0.888439306358382,0.890558766859345,0.834296724470135,0.853949903660886,0.841618497109827,0.822350674373796,0.820038535645472,0.932755298651252,0.824662813102119,0.869556840077071,0.954913294797688,0.910404624277457,0.926974951830443,0.95028901734104,0.870712909441233,0.778805394990366,0.927552986512524,0.921387283236994,0.858188824662813,0.86897880539499,0.939691714836223,0.842581888246628,0.89402697495183,0.830057803468208,0.89402697495183,0.88150289017341,0.851445086705202,0.895375722543353,0.88728323699422,0.895761078998073,0.935452793834297,0.913872832369942,0.783429672447013,0.88131021194605,0.866666666666667,0.904431599229287,0.9121387283237,0.886897880539499
R-164,0.94393063583815,0.869364161849711,0.770520231213873,0.989017341040462,0.947398843930636,0.977456647398844,0.961271676300578,0.963583815028902,0.795568400770713,0.89364161849711,0.694219653179191,0.865510597302505,0.974566473988439,0.973217726396917,0.940655105973025,0.989595375722543,0.882466281310212,0.940847784200385,0.938728323699422,0.961271676300578,0.915606936416185,0.966666666666667,0.865125240847784,0.874181117533719,0.965895953757225,0.983622350674374,0.986319845857418,0.779768786127168,0.96878612716763,0.952023121387283,0.927938342967245,0.968400770712909,0.960115606936416,0.922928709055877,0.976493256262042,0.947398843930636,0.902890173410405,0.922350674373796,0.94393063583815,0.930443159922929,0.866859344894027,0.984778420038536,0.936994219653179,0.920423892100193,0.963776493256262,0.878034682080925,0.945857418111753,0.948940269749518,0.967052023121387,0.964932562620424,0.804816955684008,0.973025048169557,0.854527938342967,0.966088631984586,0.957803468208092,0.979576107899807,0.954335260115607,0.965895953757225,0.910982658959538,0.832947976878613,0.911753371868979,0.897302504816956,0.996531791907514,0.93102119460501,0.992100192678227,0.847206165703276,0.941040462427746,0.959730250481696,0.889210019267823,0.935645472061657,0.923699421965318,0,0.967437379576108,0.810019267822736,0.84990366088632,0.961078998073218,0.95626204238921,0.899036608863198,0.889595375722543,0.920809248554913,0.951059730250482,0.935260115606936,0.76281310211946,0.96242774566474,0.859344894026975,0.96878612716763,0.96242774566474,0.839499036608863,0.947206165703276,0.942003853564547,0.982466281310212,0.961657032755299,0.945472061657033,0.990944123314066,0.955684007707129,0.976107899807322,0.991329479768786,0.976300578034682,0.778034682080925,0.94354527938343,0.845857418111753,0.91233140655106,0.92504816955684,0.86223506743738,0.94990366088632,0.955684007707129,0.879768786127168,0.974373795761079,0.949518304431599,0.822543352601156,0.917726396917148,0.933333333333333,0.823892100192678,0.953757225433526,0.900578034682081,0.971676300578035,0.966281310211946,0.924277456647399,0.916184971098266,0.94971098265896,0.955684007707129,0.922928709055877,0.742581888246628,0.922157996146435,0.976300578034682,0.893256262042389,0.757610789980732,0.986319845857418,0.978034682080925,0.948747591522158,0.892870905587669,0.957225433526012,0.927745664739884,0.874181117533719,0.939691714836223,0.967437379576108,0.964547206165703,0.953179190751445,0.940077071290944,0.963391136801541,0.847013487475915,0.874181117533719,0.919845857418112,0.929287090558767,0.943352601156069,0.983622350674374,0.9747591522158,0.919460500963391
R-165,0.93121387283237,0.88728323699422,0.951830443159923,0.882658959537572,0.91271676300578,0.886512524084778,0.79402697495183,0.945472061657033,0.938535645472062,0.989595375722543,0.967822736030828,0.795953757225433,0.798458574181118,0.890366088631985,0.817533718689788,0.782273603082852,0.950867052023121,0.890558766859345,0.95028901734104,0.925626204238921,0.951637764932563,0.878998073217726,0.965317919075145,0.917533718689788,0.804238921001927,0.892678227360308,0.94393063583815,0.975722543352601,0.859922928709056,0.88131021194605,0.940655105973025,0.886127167630058,0.92504816955684,0.930443159922929,0.776878612716763,0.690558766859345,0.919845857418112,0.925433526011561,0.882466281310212,0.903853564547206,0.98747591522158,0.867052023121387,0.914258188824663,0.845664739884393,0.926782273603083,0.985356454720617,0.856647398843931,0.906936416184971,0.870905587668593,0.740847784200385,0.957610789980732,0.92504816955684,0.98131021194605,0.890944123314065,0.84373795761079,0.969171483622351,0.961078998073218,0.901348747591522,0.805394990366089,0.951830443159923,0.955876685934489,0.867630057803468,0.767244701348748,0.883622350674374,0.919653179190751,0.947976878612717,0.870134874759152,0.920423892100193,0.983044315992293,0.890944123314065,0.840462427745665,0.967437379576108,0,0.958959537572254,0.974373795761079,0.93121387283237,0.860500963391137,0.862042389210019,0.916184971098266,0.936608863198459,0.74971098265896,0.902119460500963,0.976685934489403,0.816570327552987,0.951445086705202,0.884393063583815,0.894990366088632,0.951637764932563,0.910019267822736,0.896531791907514,0.813294797687861,0.90655105973025,0.95009633911368,0.870712909441233,0.913487475915222,0.965895953757225,0.815992292870906,0.901926782273603,0.95028901734104,0.931791907514451,0.972639691714836,0.91849710982659,0.869556840077071,0.919267822736031,0.880154142581888,0.883044315992293,0.982080924855491,0.9,0.877649325626204,0.976300578034682,0.9252408477842,0.951830443159923,0.862042389210019,0.808863198458574,0.843352601156069,0.755298651252408,0.839884393063584,0.918304431599229,0.8626204238921,0.839113680154143,0.9373795761079,0.970520231213873,0.968400770712909,0.964739884393064,0.851830443159923,0.842581888246628,0.96878612716763,0.908285163776493,0.848554913294798,0.898651252408478,0.978227360308285,0.81271676300578,0.947398843930636,0.944123314065511,0.90635838150289,0.886127167630058,0.83121387283237,0.845472061657033,0.901734104046243,0.859922928709056,0.985163776493256,0.921579961464355,0.793063583815029,0.959344894026975,0.934296724470135,0.936801541425819,0.878034682080925,0.898265895953757
R-167,0.906743737957611,0.812909441233141,0.858766859344894,0.983815028901734,0.951830443159923,0.969364161849711,0.951445086705202,0.895568400770713,0.843159922928709,0.847784200385356,0.807707129094412,0.908285163776493,0.956647398843931,0.964161849710983,0.917148362235067,0.985934489402697,0.884971098265896,0.946820809248555,0.947591522157996,0.924470134874759,0.871483622350674,0.931791907514451,0.819845857418112,0.841233140655106,0.964932562620424,0.985741811175337,0.983044315992293,0.748554913294798,0.97514450867052,0.91888246628131,0.890173410404624,0.941618497109827,0.942003853564547,0.952215799614644,0.973410404624277,0.927360308285164,0.880154142581888,0.864739884393064,0.951445086705202,0.891907514450867,0.867052023121387,0.981888246628131,0.930443159922929,0.904046242774566,0.958766859344894,0.840847784200385,0.842967244701349,0.932755298651252,0.956647398843931,0.942003853564547,0.804046242774566,0.931791907514451,0.801156069364162,0.958574181117534,0.952408477842004,0.960500963391137,0.900385356454721,0.952215799614644,0.902504816955684,0.832177263969171,0.91252408477842,0.836416184971098,0.994797687861272,0.926011560693642,0.982273603082852,0.757610789980732,0.913294797687861,0.922928709055877,0.784971098265896,0.939691714836223,0.904046242774566,0.810019267822736,0.958959537572254,0,0.763969171483622,0.917148362235067,0.943352601156069,0.902890173410405,0.830250481695568,0.888246628131021,0.963776493256262,0.839306358381503,0.807321772639692,0.963776493256262,0.830635838150289,0.940847784200385,0.914258188824663,0.766666666666667,0.939691714836223,0.925818882466281,0.978227360308285,0.939113680154143,0.972832369942197,0.973410404624277,0.937957610789981,0.937957610789981,0.988631984585742,0.96223506743738,0.729672447013487,0.951059730250482,0.872061657032755,0.884971098265896,0.804816955684008,0.877456647398844,0.948554913294798,0.899036608863198,0.840269749518304,0.965703275529865,0.947206165703276,0.842389210019268,0.871290944123314,0.890751445086705,0.857418111753372,0.95645472061657,0.933333333333333,0.954720616570328,0.926204238921002,0.93776493256262,0.894797687861272,0.961464354527938,0.966666666666667,0.791329479768786,0.871868978805395,0.9,0.946820809248555,0.785934489402698,0.739884393063584,0.961271676300578,0.938728323699422,0.865510597302505,0.840269749518304,0.888824662813102,0.896146435452794,0.85028901734104,0.919653179190751,0.936223506743738,0.9626204238921,0.9626204238921,0.895183044315992,0.933140655105973,0.829865125240848,0.874373795761079,0.925433526011561,0.83776493256262,0.92504816955684,0.960693641618497,0.947976878612717,0.908863198458574
R-197,0.945279383429672,0.848747591522158,0.845664739884393,0.988246628131021,0.957418111753372,0.983815028901734,0.972832369942197,0.975722543352601,0.865895953757225,0.854527938342967,0.832369942196532,0.903082851637765,0.94373795761079,0.974566473988439,0.948940269749518,0.988053949903661,0.929672447013488,0.983236994219653,0.978612716763006,0.945279383429672,0.923699421965318,0.948362235067437,0.773410404624277,0.90655105973025,0.961464354527938,0.998073217726397,0.98766859344894,0.870712909441233,0.987090558766859,0.957418111753372,0.919460500963391,0.954335260115607,0.973410404624277,0.965703275529865,0.965317919075145,0.94373795761079,0.943159922928709,0.908863198458574,0.947784200385356,0.941425818882466,0.860308285163776,1,0.964932562620424,0.952601156069364,0.978998073217726,0.847206165703276,0.886897880539499,0.945857418111753,0.976107899807322,0.95645472061657,0.742581888246628,0.948169556840077,0.836223506743738,0.986705202312139,0.958959537572254,0.986319845857418,0.948940269749518,0.983429672447014,0.9373795761079,0.855491329479769,0.96223506743738,0.904046242774566,0.991714836223507,0.963391136801541,0.997109826589595,0.735645472061657,0.944894026974952,0.951445086705202,0.898458574181118,0.983044315992293,0.940462427745665,0.84990366088632,0.974373795761079,0.763969171483622,0,0.95028901734104,0.963969171483622,0.929865125240848,0.870327552986513,0.932562620423892,0.981888246628131,0.930443159922929,0.83121387283237,0.951059730250482,0.833718689788054,0.954720616570328,0.94393063583815,0.839113680154143,0.966281310211946,0.937957610789981,0.983429672447014,0.953371868978805,0.975722543352601,0.99364161849711,0.944701348747591,0.983429672447014,0.9878612716763,0.955298651252408,0.78150289017341,0.980346820809249,0.872639691714836,0.947591522157996,0.89344894026975,0.903275529865125,0.941040462427746,0.911560693641619,0.844508670520231,0.967052023121387,0.959344894026975,0.817919075144509,0.922543352601156,0.913102119460501,0.828323699421965,0.968400770712909,0.964739884393064,0.970712909441233,0.915414258188825,0.964161849710983,0.934682080924855,0.969749518304432,0.980732177263969,0.816955684007707,0.83718689788054,0.906936416184971,0.985549132947977,0.87533718689788,0.757225433526012,0.981888246628131,0.969749518304432,0.914836223506744,0.830828516377649,0.899229287090559,0.965895953757225,0.915221579961464,0.941040462427746,0.959922928709056,0.972254335260116,0.977071290944123,0.895953757225434,0.945664739884393,0.814836223506744,0.86223506743738,0.935260115606936,0.908670520231214,0.94354527938343,0.9747591522158,0.964932562620424,0.91849710982659
R-198,0.88728323699422,0.84971098265896,0.935452793834297,0.918304431599229,0.907129094412331,0.952408477842004,0.906936416184971,0.912909441233141,0.911753371868979,0.900385356454721,0.930828516377649,0.890944123314065,0.90597302504817,0.928131021194605,0.820038535645472,0.92485549132948,0.896146435452794,0.884200385356455,0.900770712909441,0.789017341040462,0.78131021194605,0.815221579961464,0.94393063583815,0.78728323699422,0.921965317919075,0.89344894026975,0.905780346820809,0.934874759152216,0.849518304431599,0.914643545279383,0.854720616570328,0.850867052023121,0.869556840077071,0.938342967244701,0.882080924855491,0.901926782273603,0.883429672447014,0.715221579961464,0.945086705202312,0.729479768786127,0.865895953757225,0.907129094412331,0.864547206165703,0.801926782273603,0.913294797687861,0.955298651252408,0.836030828516378,0.926589595375722,0.880346820809249,0.884393063583815,0.909633911368015,0.882658959537572,0.946050096339114,0.808285163776493,0.902697495183044,0.985741811175337,0.869364161849711,0.852023121387283,0.917341040462428,0.896339113680154,0.972061657032755,0.725626204238921,0.898458574181118,0.875722543352601,0.964739884393064,0.91252408477842,0.755298651252408,0.842003853564547,0.808670520231214,0.966859344894027,0.831791907514451,0.961078998073218,0.93121387283237,0.917148362235067,0.95028901734104,0,0.901734104046243,0.904431599229287,0.761078998073218,0.919653179190751,0.918111753371869,0.889788053949904,0.950674373795761,0.914258188824663,0.926011560693642,0.913102119460501,0.836416184971098,0.903853564547206,0.89344894026975,0.839306358381503,0.930250481695568,0.873795761078998,0.969749518304432,0.892485549132948,0.905780346820809,0.788053949903661,0.89344894026975,0.95009633911368,0.932369942196532,0.876685934489403,0.919267822736031,0.9626204238921,0.760886319845857,0.926396917148362,0.907707129094412,0.857418111753372,0.836416184971098,0.83159922928709,0.857610789980732,0.884393063583815,0.84354527938343,0.898073217726397,0.913487475915222,0.886512524084778,0.946050096339114,0.898458574181118,0.89364161849711,0.932947976878613,0.727938342967245,0.861657032755299,0.964354527938343,0.883622350674374,0.944123314065511,0.967822736030828,0.908863198458574,0.819653179190751,0.95645472061657,0.9,0.785934489402698,0.83757225433526,0.945086705202312,0.898651252408478,0.939113680154143,0.774373795761079,0.913872832369942,0.894797687861272,0.904238921001927,0.907321772639692,0.919460500963391,0.910019267822736,0.901734104046243,0.904238921001927,0.89344894026975,0.795375722543353,0.917341040462428,0.928516377649326,0.844701348747592,0.911946050096339
R-200,0.770712909441233,0.947013487475915,0.957418111753372,0.671483622350674,0.928516377649326,0.91907514450867,0.780539499036609,0.90597302504817,0.948362235067437,0.920231213872832,0.956840077071291,0.719267822736031,0.821579961464355,0.909055876685934,0.861849710982659,0.798265895953757,0.938728323699422,0.60635838150289,0.6373795761079,0.848554913294798,0.946820809248555,0.812909441233141,0.963969171483622,0.88728323699422,0.858381502890173,0.723506743737958,0.78747591522158,0.955684007707129,0.580539499036609,0.861464354527938,0.640462427745665,0.765510597302505,0.770134874759152,0.907514450867052,0.84373795761079,0.80597302504817,0.917533718689788,0.905587668593449,0.93121387283237,0.832562620423892,0.915606936416185,0.74990366088632,0.641425818882466,0.757418111753372,0.926396917148362,0.966088631984586,0.898843930635838,0.836994219653179,0.913487475915222,0.791907514450867,0.957610789980732,0.769942196531792,0.934682080924855,0.80635838150289,0.877071290944123,0.984971098265896,0.789210019267823,0.629094412331407,0.836030828516378,0.936416184971098,0.971290944123314,0.838535645472062,0.811368015414258,0.532947976878613,0.934296724470135,0.967630057803468,0.827360308285164,0.623892100192678,0.941618497109827,0.960500963391137,0.889788053949904,0.95626204238921,0.860500963391137,0.943352601156069,0.963969171483622,0.901734104046243,0,0.889402697495183,0.885163776493256,0.967822736030828,0.802119460500963,0.620231213872832,0.961464354527938,0.828131021194605,0.933911368015414,0.92504816955684,0.93776493256262,0.948747591522158,0.664547206165703,0.59980732177264,0.808285163776493,0.58728323699422,0.952023121387283,0.621194605009634,0.633718689788054,0.878420038535645,0.786705202312139,0.915221579961464,0.946628131021195,0.840847784200385,0.934296724470135,0.94971098265896,0.807321772639692,0.941618497109827,0.883236994219653,0.678998073217726,0.93102119460501,0.810019267822736,0.704816955684008,0.939691714836223,0.790558766859345,0.951059730250482,0.876493256262042,0.784778420038536,0.882658959537572,0.841233140655106,0.830443159922929,0.931599229287091,0.802890173410405,0.619267822736031,0.914065510597302,0.968015414258189,0.960693641618497,0.972254335260116,0.473410404624277,0.822928709055877,0.966666666666667,0.666666666666667,0.75028901734104,0.66242774566474,0.948362235067437,0.86242774566474,0.990173410404624,0.918304431599229,0.897109826589595,0.54354527938343,0.815414258188825,0.633526011560694,0.894797687861272,0.89980732177264,0.933911368015414,0.901541425818882,0.81271676300578,0.909441233140655,0.951059730250482,0.945086705202312,0.776878612716763,0.916377649325626
R-201,0.928901734104046,0.869942196531792,0.895761078998073,0.902504816955684,0.845664739884393,0.861271676300578,0.863391136801541,0.957418111753372,0.839499036608863,0.932755298651252,0.909633911368015,0.809248554913295,0.860693641618497,0.895568400770713,0.832562620423892,0.852023121387283,0.870712909441233,0.890558766859345,0.94354527938343,0.894605009633911,0.911946050096339,0.839306358381503,0.914836223506744,0.863391136801541,0.842196531791908,0.921387283236994,0.967822736030828,0.942003853564547,0.89980732177264,0.920809248554913,0.920423892100193,0.907129094412331,0.9252408477842,0.913102119460501,0.881888246628131,0.822157996146435,0.864739884393064,0.88150289017341,0.883622350674374,0.869364161849711,0.920616570327553,0.937957610789981,0.909826589595376,0.82485549132948,0.857803468208093,0.946820809248555,0.859922928709056,0.879576107899807,0.876878612716763,0.84971098265896,0.914258188824663,0.91868978805395,0.947398843930636,0.873025048169557,0.872832369942196,0.964161849710983,0.93140655105973,0.895183044315992,0.824084778420039,0.886705202312139,0.807899807321773,0.819653179190751,0.892870905587669,0.877649325626204,0.727360308285164,0.88150289017341,0.836223506743738,0.911753371868979,0.944701348747591,0.894605009633911,0.832369942196532,0.899036608863198,0.862042389210019,0.902890173410405,0.929865125240848,0.904431599229287,0.889402697495183,0,0.860500963391137,0.920423892100193,0.851445086705202,0.894990366088632,0.928131021194605,0.849325626204239,0.887090558766859,0.85009633911368,0.904046242774566,0.884393063583815,0.901348747591522,0.87514450867052,0.867244701348748,0.91888246628131,0.757032755298651,0.910789980732177,0.922736030828516,0.966666666666667,0.830250481695568,0.936416184971098,0.902119460500963,0.932947976878613,0.910789980732177,0.906743737957611,0.858188824662813,0.872061657032755,0.892485549132948,0.876107899807322,0.909633911368015,0.922736030828516,0.891522157996146,0.923699421965318,0.893256262042389,0.870905587668593,0.841040462427746,0.813680154142582,0.844701348747592,0.854527938342967,0.867630057803468,0.889595375722543,0.798265895953757,0.862042389210019,0.743159922928709,0.923506743737958,0.906936416184971,0.946242774566474,0.894990366088632,0.835838150289017,0.926974951830443,0.922350674373796,0.841618497109827,0.871290944123314,0.954527938342967,0.856647398843931,0.948940269749518,0.885741811175337,0.888053949903661,0.902312138728324,0.873603082851638,0.896531791907514,0.867437379576108,0.8747591522158,0.909441233140655,0.848554913294798,0.845857418111753,0.941233140655106,0.879190751445087,0.885934489402697,0.905394990366089,0.828323699421965
R-202,0.867244701348748,0.809633911368015,0.847976878612717,0.925818882466281,0.921001926782274,0.929287090558767,0.90655105973025,0.898843930635838,0.860500963391137,0.798651252408478,0.861078998073218,0.857610789980732,0.933911368015414,0.93757225433526,0.868208092485549,0.948362235067437,0.908092485549133,0.859344894026975,0.908670520231214,0.804816955684008,0.726396917148362,0.827167630057803,0.890173410404624,0.620809248554913,0.9121387283237,0.92485549132948,0.902312138728324,0.871868978805395,0.848169556840077,0.945664739884393,0.835838150289017,0.834874759152216,0.846628131021195,0.918111753371869,0.922736030828516,0.888824662813102,0.818304431599229,0.729094412331407,0.927360308285164,0.746242774566474,0.777456647398844,0.907321772639692,0.840077071290944,0.694797687861272,0.930635838150289,0.902312138728324,0.811753371868979,0.929865125240848,0.907899807321773,0.91907514450867,0.850867052023121,0.879768786127168,0.892870905587669,0.835645472061657,0.91888246628131,0.989595375722543,0.854335260115607,0.849518304431599,0.899421965317919,0.798458574181118,0.945086705202312,0.621579961464355,0.95028901734104,0.84393063583815,0.954720616570328,0.822928709055877,0.783236994219653,0.829479768786127,0.759730250481696,0.935067437379576,0.839306358381503,0.889595375722543,0.916184971098266,0.830250481695568,0.870327552986513,0.761078998073218,0.885163776493256,0.860500963391137,0,0.88131021194605,0.907514450867052,0.869364161849711,0.889210019267823,0.912909441233141,0.883236994219653,0.932177263969171,0.908285163776493,0.80635838150289,0.867052023121387,0.811368015414258,0.936030828516378,0.857996146435453,0.949132947976879,0.882273603082852,0.896339113680154,0.749325626204239,0.954142581888247,0.950481695568401,0.797880539499037,0.874373795761079,0.835838150289017,0.938921001926782,0.709441233140655,0.886512524084778,0.914836223506744,0.81907514450867,0.758381502890173,0.853757225433526,0.855105973025048,0.785549132947977,0.815028901734104,0.896531791907514,0.83757225433526,0.91907514450867,0.891329479768786,0.925626204238921,0.915992292870906,0.931984585741811,0.695953757225434,0.875915221579961,0.946820809248555,0.830635838150289,0.871483622350674,0.934489402697495,0.900963391136802,0.704624277456647,0.88092485549133,0.897687861271676,0.849518304431599,0.826396917148362,0.847976878612717,0.894990366088632,0.892870905587669,0.682466281310212,0.89402697495183,0.906743737957611,0.880732177263969,0.908092485549133,0.873795761078998,0.907514450867052,0.820809248554913,0.848169556840077,0.878227360308285,0.728709055876686,0.914643545279383,0.926782273603083,0.857032755298651,0.873988439306358
R-203,0.946242774566474,0.771290944123314,0.919460500963391,0.979576107899807,0.958188824662813,0.978612716763006,0.942196531791908,0.978227360308285,0.932369942196532,0.97495183044316,0.941811175337187,0.89383429672447,0.947013487475915,0.94971098265896,0.896917148362235,0.974181117533719,0.94990366088632,0.957418111753372,0.95606936416185,0.945857418111753,0.897687861271676,0.946242774566474,0.929672447013488,0.88728323699422,0.967822736030828,0.964547206165703,0.971290944123314,0.94990366088632,0.958188824662813,0.945086705202312,0.953564547206166,0.95606936416185,0.935260115606936,0.948169556840077,0.932562620423892,0.928709055876686,0.871868978805395,0.902890173410405,0.924470134874759,0.904238921001927,0.964547206165703,0.960693641618497,0.920231213872832,0.874373795761079,0.960308285163777,0.960308285163777,0.836801541425819,0.955491329479769,0.883044315992293,0.92485549132948,0.925433526011561,0.966473988439306,0.971098265895954,0.932562620423892,0.92504816955684,0.995183044315992,0.955105973025048,0.94990366088632,0.93140655105973,0.92504816955684,0.952215799614644,0.878612716763006,0.964932562620424,0.94373795761079,0.979961464354528,0.86281310211946,0.909248554913295,0.938921001926782,0.933333333333333,0.944123314065511,0.888824662813102,0.920809248554913,0.936608863198459,0.888246628131021,0.932562620423892,0.919653179190751,0.967822736030828,0.920423892100193,0.88131021194605,0,0.911368015414258,0.958766859344894,0.940462427745665,0.949518304431599,0.951445086705202,0.974181117533719,0.904816955684008,0.898458574181118,0.945279383429672,0.952986512524085,0.941233140655106,0.957225433526012,0.968400770712909,0.957803468208092,0.971676300578035,0.926974951830443,0.959537572254335,0.955298651252408,0.905009633911368,0.954913294797688,0.95626204238921,0.955298651252408,0.88766859344894,0.928323699421965,0.933140655105973,0.966666666666667,0.945664739884393,0.960886319845857,0.961078998073218,0.968015414258189,0.947013487475915,0.928323699421965,0.920616570327553,0.949325626204239,0.924277456647399,0.925818882466281,0.924277456647399,0.964547206165703,0.92485549132948,0.964354527938343,0.970712909441233,0.849518304431599,0.934296724470135,0.92485549132948,0.957610789980732,0.864739884393064,0.91888246628131,0.956840077071291,0.94354527938343,0.942967244701349,0.957996146435453,0.930635838150289,0.836801541425819,0.869749518304432,0.926204238921002,0.960500963391137,0.936608863198459,0.948747591522158,0.935645472061657,0.970712909441233,0.966088631984586,0.957610789980732,0.892100192678227,0.91888246628131,0.894219653179191,0.946050096339114,0.957803468208092,0.945086705202312
R-204,0.889595375722543,0.873217726396917,0.939691714836223,0.86242774566474,0.895761078998073,0.833333333333333,0.61252408477842,0.92504816955684,0.93718689788054,0.992870905587669,0.969556840077071,0.743159922928709,0.727552986512524,0.879190751445087,0.788631984585742,0.677842003853565,0.934104046242775,0.822928709055877,0.936030828516378,0.91888246628131,0.932755298651252,0.845086705202312,0.967244701348748,0.898265895953757,0.789595375722543,0.877263969171484,0.902697495183044,0.965703275529865,0.785741811175337,0.85606936416185,0.935067437379576,0.823699421965318,0.898265895953757,0.864354527938343,0.774181117533719,0.705009633911368,0.90597302504817,0.915992292870906,0.858574181117534,0.872254335260116,0.989595375722543,0.853564547206166,0.896146435452794,0.78150289017341,0.923314065510597,0.989788053949904,0.86840077071291,0.897302504816956,0.814450867052023,0.569942196531792,0.974181117533719,0.905009633911368,0.98747591522158,0.839499036608863,0.80635838150289,0.959152215799615,0.924084778420039,0.885163776493256,0.684971098265896,0.938921001926782,0.941233140655106,0.849132947976879,0.721387283236994,0.840462427745665,0.901541425818882,0.94990366088632,0.858188824662813,0.904431599229287,0.977071290944123,0.901541425818882,0.797302504816956,0.951059730250482,0.74971098265896,0.963776493256262,0.981888246628131,0.918111753371869,0.802119460500963,0.851445086705202,0.907514450867052,0.911368015414258,0,0.883815028901734,0.976878612716763,0.777649325626204,0.943159922928709,0.885356454720617,0.886512524084778,0.938150289017341,0.891522157996146,0.876878612716763,0.666473988439306,0.847013487475915,0.894797687861272,0.85645472061657,0.913102119460501,0.953179190751445,0.719845857418112,0.886127167630058,0.934296724470135,0.904624277456647,0.969364161849711,0.911175337186898,0.788824662813102,0.892292870905588,0.854527938342967,0.868015414258189,0.982273603082852,0.906743737957611,0.861464354527938,0.988824662813102,0.900963391136802,0.915606936416185,0.835452793834297,0.730250481695568,0.80635838150289,0.746628131021195,0.677842003853565,0.928709055876686,0.83159922928709,0.723314065510597,0.911946050096339,0.975529865125241,0.960308285163777,0.96859344894027,0.772639691714836,0.784393063583815,0.962042389210019,0.859344894026975,0.767437379576108,0.88150289017341,0.985356454720617,0.823892100192678,0.936030828516378,0.919460500963391,0.87533718689788,0.80616570327553,0.788246628131021,0.836608863198459,0.785549132947977,0.909826589595376,0.982658959537572,0.884971098265896,0.717341040462428,0.952793834296724,0.901156069364162,0.928901734104046,0.855684007707129,0.888246628131021
R-205,0.759344894026975,0.909441233140655,0.940077071290944,0.648169556840077,0.937957610789981,0.932369942196532,0.85028901734104,0.81233140655106,0.899229287090559,0.884778420038536,0.926782273603083,0.752215799614644,0.841233140655106,0.889788053949904,0.876493256262042,0.882080924855491,0.946050096339114,0.667437379576108,0.61252408477842,0.822928709055877,0.89980732177264,0.794605009633911,0.925626204238921,0.865125240847784,0.897880539499037,0.703468208092486,0.8373795761079,0.852408477842004,0.7252408477842,0.83776493256262,0.613680154142582,0.810211946050096,0.752023121387283,0.926782273603083,0.857996146435453,0.854142581888247,0.915028901734104,0.897302504816956,0.927360308285164,0.832177263969171,0.902119460500963,0.805587668593449,0.630443159922929,0.801156069364162,0.940269749518304,0.928516377649326,0.891136801541426,0.833333333333333,0.936416184971098,0.861849710982659,0.940847784200385,0.694990366088632,0.87495183044316,0.846242774566474,0.858766859344894,0.971868978805395,0.747976878612717,0.572061657032755,0.858574181117534,0.878612716763006,0.941233140655106,0.817341040462428,0.842581888246628,0.632755298651252,0.963391136801541,0.928516377649326,0.855684007707129,0.591907514450867,0.813872832369942,0.909441233140655,0.892485549132948,0.935260115606936,0.902119460500963,0.839306358381503,0.930443159922929,0.889788053949904,0.620231213872832,0.894990366088632,0.869364161849711,0.958766859344894,0.883815028901734,0,0.918111753371869,0.838921001926782,0.911560693641619,0.905202312138728,0.94373795761079,0.920038535645472,0.564739884393064,0.58092485549133,0.871290944123314,0.657032755298651,0.973795761078998,0.648362235067437,0.615221579961464,0.882273603082852,0.846242774566474,0.902312138728324,0.86223506743738,0.858381502890173,0.896146435452794,0.896146435452794,0.791136801541426,0.9252408477842,0.885356454720617,0.653179190751445,0.901541425818882,0.801156069364162,0.701734104046243,0.925626204238921,0.791522157996146,0.942196531791908,0.873795761078998,0.825818882466281,0.882658959537572,0.885741811175337,0.873603082851638,0.915414258188825,0.810019267822736,0.743159922928709,0.920809248554913,0.93776493256262,0.936608863198459,0.969556840077071,0.627552986512524,0.818111753371869,0.910404624277457,0.65626204238921,0.796339113680154,0.619460500963391,0.880346820809249,0.876107899807322,0.974566473988439,0.871098265895954,0.87533718689788,0.618304431599229,0.879961464354528,0.673795761078998,0.898265895953757,0.896724470134875,0.903082851637765,0.902697495183044,0.81233140655106,0.870905587668593,0.95626204238921,0.940847784200385,0.811753371868979,0.905394990366089
R-206,0.940655105973025,0.890366088631985,0.798843930635838,0.989210019267823,0.95645472061657,0.980539499036609,0.963198458574181,0.951445086705202,0.833718689788054,0.867822736030828,0.723506743737958,0.903660886319846,0.980732177263969,0.972447013487476,0.947206165703276,0.991136801541426,0.903275529865125,0.960500963391137,0.968400770712909,0.948554913294798,0.909248554913295,0.953179190751445,0.884585741811175,0.892292870905588,0.96878612716763,0.989017341040462,0.982658959537572,0.784007707129094,0.984007707129094,0.957225433526012,0.905587668593449,0.955876685934489,0.963583815028902,0.949518304431599,0.978420038535646,0.953949903660886,0.936416184971098,0.920809248554913,0.953371868978805,0.93718689788054,0.857418111753372,0.99344894026975,0.944508670520231,0.948940269749518,0.963776493256262,0.822157996146435,0.92485549132948,0.954913294797688,0.972254335260116,0.966088631984586,0.793063583815029,0.959922928709056,0.815992292870906,0.969942196531792,0.971676300578035,0.98150289017341,0.936801541425819,0.969364161849711,0.940462427745665,0.852601156069364,0.941040462427746,0.907514450867052,1,0.947784200385356,0.998265895953757,0.851830443159923,0.942389210019268,0.951252408477842,0.878612716763006,0.960500963391137,0.935260115606936,0.76281310211946,0.976685934489403,0.807321772639692,0.83121387283237,0.950674373795761,0.961464354527938,0.928131021194605,0.889210019267823,0.940462427745665,0.976878612716763,0.918111753371869,0,0.964547206165703,0.863005780346821,0.965125240847784,0.959730250481696,0.865125240847784,0.958959537572254,0.941040462427746,0.983044315992293,0.955684007707129,0.963005780346821,0.989980732177264,0.941233140655106,0.973603082851638,0.990751445086705,0.970520231213873,0.764354527938343,0.970134874759152,0.855684007707129,0.925626204238921,0.89980732177264,0.895953757225434,0.969556840077071,0.928323699421965,0.866859344894027,0.965317919075145,0.955876685934489,0.826011560693642,0.933140655105973,0.897880539499037,0.797880539499037,0.964354527938343,0.947976878612717,0.973988439306358,0.964547206165703,0.941233140655106,0.928131021194605,0.969364161849711,0.973025048169557,0.894605009633911,0.773603082851638,0.907514450867052,0.970712909441233,0.908863198458574,0.730057803468208,0.973988439306358,0.970520231213873,0.918304431599229,0.873217726396917,0.932177263969171,0.961078998073218,0.888439306358382,0.950867052023121,0.959152215799615,0.9747591522158,0.973795761078998,0.902504816955684,0.942581888246628,0.817341040462428,0.889788053949904,0.941233140655106,0.922157996146435,0.94354527938343,0.978227360308285,0.966281310211946,0.919267822736031
R-207,0.901348747591522,0.91271676300578,0.949518304431599,0.845472061657033,0.86840077071291,0.843352601156069,0.794605009633911,0.945664739884393,0.913294797687861,0.975722543352601,0.956647398843931,0.720038535645472,0.751830443159923,0.852601156069364,0.840077071290944,0.803275529865125,0.904624277456647,0.855684007707129,0.882080924855491,0.914065510597302,0.950867052023121,0.83776493256262,0.95606936416185,0.91888246628131,0.855876685934489,0.834104046242775,0.904431599229287,0.974566473988439,0.83121387283237,0.83140655105973,0.892292870905588,0.842967244701349,0.854527938342967,0.907129094412331,0.770905587668593,0.815799614643545,0.910019267822736,0.932369942196532,0.86281310211946,0.883622350674374,0.976300578034682,0.845279383429672,0.847591522157996,0.838728323699422,0.889017341040462,0.969364161849711,0.876685934489403,0.823121387283237,0.890366088631985,0.784585741811175,0.961464354527938,0.857996146435453,0.963391136801541,0.873410404624277,0.71271676300578,0.964354527938343,0.899421965317919,0.842581888246628,0.770520231213873,0.956840077071291,0.961657032755299,0.870905587668593,0.757418111753372,0.849325626204239,0.918304431599229,0.954142581888247,0.870520231213873,0.855876685934489,0.96859344894027,0.892870905587669,0.86859344894027,0.96242774566474,0.816570327552987,0.963776493256262,0.951059730250482,0.914258188824663,0.828131021194605,0.849325626204239,0.912909441233141,0.949518304431599,0.777649325626204,0.838921001926782,0.964547206165703,0,0.911560693641619,0.857610789980732,0.91868978805395,0.955491329479769,0.861464354527938,0.823699421965318,0.771290944123314,0.85028901734104,0.916570327552987,0.848554913294798,0.855491329479769,0.952793834296724,0.760115606936416,0.850481695568401,0.955491329479769,0.919653179190751,0.96859344894027,0.883044315992293,0.87514450867052,0.936801541425819,0.840462427745665,0.817726396917148,0.972447013487476,0.829865125240848,0.836994219653179,0.974181117533719,0.904816955684008,0.923892100192678,0.869556840077071,0.727938342967245,0.810789980732177,0.802697495183044,0.783622350674374,0.899229287090559,0.853949903660886,0.800963391136802,0.888824662813102,0.964739884393064,0.959344894026975,0.96878612716763,0.825818882466281,0.86878612716763,0.963583815028902,0.850867052023121,0.835260115606936,0.823506743737958,0.971483622350674,0.803082851637765,0.976300578034682,0.944315992292871,0.840847784200385,0.834296724470135,0.816763005780347,0.810211946050096,0.811753371868979,0.850674373795761,0.961271676300578,0.811946050096339,0.705780346820809,0.956647398843931,0.930635838150289,0.910982658959538,0.85645472061657,0.837957610789981
R-208,0.942003853564547,0.888824662813102,0.859344894026975,0.93718689788054,0.873988439306358,0.929672447013488,0.936994219653179,0.966473988439306,0.802697495183044,0.86878612716763,0.827167630057803,0.853179190751445,0.907707129094412,0.89402697495183,0.942581888246628,0.928516377649326,0.868015414258189,0.940655105973025,0.917148362235067,0.931984585741811,0.928516377649326,0.901734104046243,0.886127167630058,0.888631984585742,0.940269749518304,0.942003853564547,0.947591522157996,0.878420038535645,0.93718689788054,0.932562620423892,0.90635838150289,0.91907514450867,0.919653179190751,0.90616570327553,0.940847784200385,0.928709055876686,0.911946050096339,0.874373795761079,0.910211946050096,0.908477842003854,0.848362235067437,0.947398843930636,0.905394990366089,0.927938342967245,0.928709055876686,0.903853564547206,0.914065510597302,0.86878612716763,0.928709055876686,0.922157996146435,0.819267822736031,0.915221579961464,0.869556840077071,0.945857418111753,0.902312138728324,0.970327552986513,0.936608863198459,0.920616570327553,0.90597302504817,0.850867052023121,0.935067437379576,0.883622350674374,0.945472061657033,0.913294797687861,0.960886319845857,0.836223506743738,0.889980732177264,0.902890173410405,0.91271676300578,0.919267822736031,0.923121387283237,0.859344894026975,0.951445086705202,0.830635838150289,0.833718689788054,0.926011560693642,0.933911368015414,0.887090558766859,0.883236994219653,0.951445086705202,0.943159922928709,0.911560693641619,0.863005780346821,0.911560693641619,0,0.896917148362235,0.936608863198459,0.845472061657033,0.929672447013488,0.878805394990366,0.919460500963391,0.909441233140655,0.932755298651252,0.96242774566474,0.914836223506744,0.973603082851638,0.931599229287091,0.903082851637765,0.829865125240848,0.945472061657033,0.881695568400771,0.859922928709056,0.889595375722543,0.872832369942196,0.911753371868979,0.866281310211946,0.840462427745665,0.921001926782274,0.909248554913295,0.834104046242775,0.899229287090559,0.864739884393064,0.852986512524085,0.928131021194605,0.892870905587669,0.925433526011561,0.888246628131021,0.901541425818882,0.901926782273603,0.904238921001927,0.920809248554913,0.86897880539499,0.875915221579961,0.963391136801541,0.947591522157996,0.899614643545279,0.826204238921002,0.951059730250482,0.934296724470135,0.863776493256262,0.878998073217726,0.860308285163776,0.974181117533719,0.906936416184971,0.89364161849711,0.934874759152216,0.929094412331407,0.911946050096339,0.861657032755299,0.903468208092486,0.830250481695568,0.808863198458574,0.898458574181118,0.927360308285164,0.933333333333333,0.925626204238921,0.926204238921002,0.821001926782274
R-209,0.929287090558767,0.952793834296724,0.971483622350674,0.922928709055877,0.81252408477842,0.846435452793834,0.894605009633911,0.953949903660886,0.903660886319846,0.965510597302505,0.965895953757225,0.870905587668593,0.880539499036609,0.86897880539499,0.920038535645472,0.870327552986513,0.900385356454721,0.924084778420039,0.95645472061657,0.917726396917148,0.972832369942197,0.898843930635838,0.954720616570328,0.935838150289017,0.869942196531792,0.9252408477842,0.913294797687861,0.96878612716763,0.901156069364162,0.919460500963391,0.953757225433526,0.880154142581888,0.926782273603083,0.913294797687861,0.920809248554913,0.860500963391137,0.939691714836223,0.930250481695568,0.899229287090559,0.907514450867052,0.969364161849711,0.91233140655106,0.922350674373796,0.93140655105973,0.882080924855491,0.956647398843931,0.920616570327553,0.854335260115607,0.907899807321773,0.879768786127168,0.963776493256262,0.927745664739884,0.944894026974952,0.922543352601156,0.868208092485549,0.913680154142582,0.923892100192678,0.913487475915222,0.866473988439306,0.966859344894027,0.947591522157996,0.918304431599229,0.907899807321773,0.905202312138728,0.914065510597302,0.934104046242775,0.879576107899807,0.930828516377649,0.955876685934489,0.91271676300578,0.902697495183044,0.96878612716763,0.884393063583815,0.940847784200385,0.954720616570328,0.913102119460501,0.92504816955684,0.85009633911368,0.932177263969171,0.974181117533719,0.885356454720617,0.905202312138728,0.965125240847784,0.857610789980732,0.896917148362235,0,0.926782273603083,0.957803468208092,0.922736030828516,0.904816955684008,0.860886319845857,0.913294797687861,0.941425818882466,0.923892100192678,0.928323699421965,0.971868978805395,0.890751445086705,0.910019267822736,0.964161849710983,0.932177263969171,0.967630057803468,0.869364161849711,0.905009633911368,0.939499036608863,0.91868978805395,0.899421965317919,0.970905587668593,0.920809248554913,0.918304431599229,0.964739884393064,0.915606936416185,0.876107899807322,0.898265895953757,0.889017341040462,0.859537572254335,0.876300578034682,0.853179190751445,0.889980732177264,0.897687861271676,0.865125240847784,0.938535645472062,0.966666666666667,0.972061657032755,0.98766859344894,0.922928709055877,0.914643545279383,0.963969171483622,0.939306358381503,0.898843930635838,0.88131021194605,0.967244701348748,0.842003853564547,0.995568400770713,0.96878612716763,0.88111753371869,0.910404624277457,0.894797687861272,0.91252408477842,0.871483622350674,0.841618497109827,0.955298651252408,0.854527938342967,0.882658959537572,0.959344894026975,0.933911368015414,0.878805394990366,0.890751445086705,0.804046242774566
R-210,0.945279383429672,0.807129094412331,0.941618497109827,0.962042389210019,0.940269749518304,0.951252408477842,0.876878612716763,0.949132947976879,0.926974951830443,0.964547206165703,0.955491329479769,0.885356454720617,0.91252408477842,0.909441233140655,0.765125240847784,0.928323699421965,0.936994219653179,0.930250481695568,0.932177263969171,0.901156069364162,0.886512524084778,0.914065510597302,0.93718689788054,0.911560693641619,0.939499036608863,0.944508670520231,0.94990366088632,0.971098265895954,0.932562620423892,0.849325626204239,0.926974951830443,0.928131021194605,0.926974951830443,0.953949903660886,0.830635838150289,0.878612716763006,0.922157996146435,0.848554913294798,0.905780346820809,0.878420038535645,0.955491329479769,0.946820809248555,0.908863198458574,0.882851637764933,0.940847784200385,0.938728323699422,0.847013487475915,0.951445086705202,0.846050096339114,0.819653179190751,0.927745664739884,0.936223506743738,0.96281310211946,0.904431599229287,0.892292870905588,0.983815028901734,0.947591522157996,0.939884393063584,0.930250481695568,0.940655105973025,0.953371868978805,0.883429672447014,0.888631984585742,0.927938342967245,0.971868978805395,0.889595375722543,0.86859344894027,0.905202312138728,0.938535645472062,0.960308285163777,0.767630057803468,0.96242774566474,0.894990366088632,0.914258188824663,0.94393063583815,0.836416184971098,0.93776493256262,0.904046242774566,0.908285163776493,0.904816955684008,0.886512524084778,0.94373795761079,0.959730250481696,0.91868978805395,0.936608863198459,0.926782273603083,0,0.91849710982659,0.943159922928709,0.907899807321773,0.91888246628131,0.932755298651252,0.966859344894027,0.942196531791908,0.902119460500963,0.917148362235067,0.885549132947977,0.91868978805395,0.952023121387283,0.92466281310212,0.962042389210019,0.946628131021195,0.880732177263969,0.931984585741811,0.894412331406551,0.916570327552987,0.926204238921002,0.910597302504817,0.930250481695568,0.961657032755299,0.934874759152216,0.892100192678227,0.935645472061657,0.923699421965318,0.924084778420039,0.877263969171484,0.861078998073218,0.957418111753372,0.89980732177264,0.910789980732177,0.960500963391137,0.892870905587669,0.955298651252408,0.95009633911368,0.934104046242775,0.89364161849711,0.951830443159923,0.946050096339114,0.906936416184971,0.890944123314065,0.960693641618497,0.880732177263969,0.917726396917148,0.876107899807322,0.941425818882466,0.928323699421965,0.901541425818882,0.928323699421965,0.905394990366089,0.935260115606936,0.960693641618497,0.924084778420039,0.88111753371869,0.906936416184971,0.8626204238921,0.924277456647399,0.936994219653179,0.916184971098266
R-211,0.915992292870906,0.814258188824663,0.812909441233141,0.979768786127168,0.942967244701349,0.976878612716763,0.945664739884393,0.957225433526012,0.857032755298651,0.836994219653179,0.815799614643545,0.873025048169557,0.977263969171484,0.966859344894027,0.905780346820809,0.985741811175337,0.89344894026975,0.936994219653179,0.93718689788054,0.919267822736031,0.858766859344894,0.934874759152216,0.860693641618497,0.804046242774566,0.959922928709056,0.979961464354528,0.978034682080925,0.885934489402697,0.96878612716763,0.960115606936416,0.891329479768786,0.947591522157996,0.946628131021195,0.93718689788054,0.963391136801541,0.921965317919075,0.868208092485549,0.857996146435453,0.940269749518304,0.88747591522158,0.840847784200385,0.984778420038536,0.935067437379576,0.885549132947977,0.961849710982659,0.881888246628131,0.881888246628131,0.944894026974952,0.957803468208092,0.942196531791908,0.808285163776493,0.929094412331407,0.883622350674374,0.9626204238921,0.942196531791908,0.990751445086705,0.928901734104046,0.953757225433526,0.932755298651252,0.790173410404624,0.938535645472062,0.789980732177264,0.99402697495183,0.930443159922929,0.995953757225434,0.779383429672447,0.918304431599229,0.929479768786127,0.878034682080925,0.921772639691715,0.876878612716763,0.839499036608863,0.951637764932563,0.766666666666667,0.839113680154143,0.903853564547206,0.948747591522158,0.884393063583815,0.80635838150289,0.898458574181118,0.938150289017341,0.920038535645472,0.865125240847784,0.955491329479769,0.845472061657033,0.957803468208092,0.91849710982659,0,0.93121387283237,0.902119460500963,0.970327552986513,0.9373795761079,0.944894026974952,0.977456647398844,0.927745664739884,0.960308285163777,0.992678227360308,0.967052023121387,0.794990366088632,0.938150289017341,0.85626204238921,0.946242774566474,0.885934489402697,0.852215799614644,0.936416184971098,0.885356454720617,0.813680154142582,0.954142581888247,0.946242774566474,0.817148362235067,0.900770712909441,0.903468208092486,0.839499036608863,0.950867052023121,0.894797687861272,0.948362235067437,0.939499036608863,0.938150289017341,0.88728323699422,0.942196531791908,0.955876685934489,0.817533718689788,0.861657032755299,0.914836223506744,0.964739884393064,0.853949903660886,0.844894026974952,0.976685934489403,0.946050096339114,0.905009633911368,0.880732177263969,0.90019267822736,0.881888246628131,0.816377649325626,0.93102119460501,0.959152215799615,0.956647398843931,0.945664739884393,0.873988439306358,0.934682080924855,0.809633911368015,0.871868978805395,0.89344894026975,0.884200385356455,0.905587668593449,0.964161849710983,0.944315992292871,0.8747591522158
R-212,0.759344894026975,0.907707129094412,0.936416184971098,0.665510597302505,0.923699421965318,0.936608863198459,0.864161849710983,0.900963391136802,0.903853564547206,0.939884393063584,0.952215799614644,0.74971098265896,0.849132947976879,0.874373795761079,0.910211946050096,0.91888246628131,0.944701348747591,0.675915221579961,0.615221579961464,0.828516377649326,0.88092485549133,0.807514450867052,0.958959537572254,0.874373795761079,0.945857418111753,0.65606936416185,0.770520231213873,0.940077071290944,0.73140655105973,0.85645472061657,0.678420038535645,0.823314065510597,0.684778420038536,0.935260115606936,0.884393063583815,0.885741811175337,0.923506743737958,0.902312138728324,0.90655105973025,0.836416184971098,0.917148362235067,0.784971098265896,0.598651252408478,0.823314065510597,0.955298651252408,0.974181117533719,0.928323699421965,0.826396917148362,0.932562620423892,0.886512524084778,0.959152215799615,0.689210019267823,0.941618497109827,0.863969171483622,0.81868978805395,0.980732177263969,0.805587668593449,0.626782273603083,0.897302504816956,0.85645472061657,0.955298651252408,0.843352601156069,0.879190751445087,0.678998073217726,0.957032755298651,0.945279383429672,0.851637764932563,0.571483622350674,0.928131021194605,0.885549132947977,0.891136801541426,0.947206165703276,0.910019267822736,0.939691714836223,0.966281310211946,0.89344894026975,0.664547206165703,0.901348747591522,0.867052023121387,0.945279383429672,0.891522157996146,0.564739884393064,0.958959537572254,0.861464354527938,0.929672447013488,0.922736030828516,0.943159922928709,0.93121387283237,0,0.615992292870906,0.890366088631985,0.623506743737958,0.946242774566474,0.682466281310212,0.63757225433526,0.894990366088632,0.88150289017341,0.883622350674374,0.910404624277457,0.864161849710983,0.880732177263969,0.911175337186898,0.878612716763006,0.924084778420039,0.865895953757225,0.635067437379576,0.930057803468208,0.784778420038536,0.722736030828516,0.945857418111753,0.835645472061657,0.954142581888247,0.91252408477842,0.817148362235067,0.855491329479769,0.896146435452794,0.889210019267823,0.925626204238921,0.86281310211946,0.774181117533719,0.901926782273603,0.951637764932563,0.952408477842004,0.967052023121387,0.686127167630058,0.874566473988439,0.95626204238921,0.665317919075144,0.83121387283237,0.647591522157996,0.912909441233141,0.885163776493256,0.951252408477842,0.883429672447014,0.855298651252408,0.699229287090559,0.894797687861272,0.686705202312139,0.880346820809249,0.909055876685934,0.948747591522158,0.906936416184971,0.791136801541426,0.911175337186898,0.9373795761079,0.947976878612717,0.785934489402698,0.88747591522158
R-213,0.784585741811175,0.909441233140655,0.92504816955684,0.635260115606936,0.895568400770713,0.911368015414258,0.852793834296725,0.918304431599229,0.876685934489403,0.84990366088632,0.91868978805395,0.712138728323699,0.823699421965318,0.842967244701349,0.87495183044316,0.870712909441233,0.897109826589595,0.654720616570328,0.57514450867052,0.816763005780347,0.844508670520231,0.783622350674374,0.942774566473988,0.821965317919075,0.899614643545279,0.653949903660886,0.790366088631985,0.921579961464355,0.684971098265896,0.852215799614644,0.611368015414258,0.766281310211946,0.654913294797688,0.901541425818882,0.837957610789981,0.855876685934489,0.89344894026975,0.853757225433526,0.879190751445087,0.796917148362235,0.827167630057803,0.748747591522158,0.536030828516378,0.764354527938343,0.907707129094412,0.949518304431599,0.888631984585742,0.790558766859345,0.90019267822736,0.847591522157996,0.91868978805395,0.699229287090559,0.903275529865125,0.808670520231214,0.809055876685934,0.979383429672447,0.772061657032755,0.516763005780347,0.876493256262042,0.864354527938343,0.9626204238921,0.782466281310212,0.82504816955684,0.614450867052023,0.944123314065511,0.921387283236994,0.798651252408478,0.500963391136802,0.89364161849711,0.920423892100193,0.882851637764933,0.942003853564547,0.896531791907514,0.925818882466281,0.937957610789981,0.839306358381503,0.59980732177264,0.87514450867052,0.811368015414258,0.952986512524085,0.876878612716763,0.58092485549133,0.941040462427746,0.823699421965318,0.878805394990366,0.904816955684008,0.907899807321773,0.902119460500963,0.615992292870906,0,0.847398843930636,0.610211946050096,0.936416184971098,0.645857418111753,0.591136801541426,0.856840077071291,0.833140655105973,0.863776493256262,0.915028901734104,0.866666666666667,0.882466281310212,0.894219653179191,0.817341040462428,0.917533718689788,0.835838150289017,0.548554913294798,0.854527938342967,0.69364161849711,0.64393063583815,0.883815028901734,0.81849710982659,0.910211946050096,0.878998073217726,0.790751445086705,0.860886319845857,0.865895953757225,0.841618497109827,0.923314065510597,0.788246628131021,0.698073217726397,0.90597302504817,0.913294797687861,0.93776493256262,0.96897880539499,0.615028901734104,0.836223506743738,0.944894026974952,0.607129094412331,0.779190751445087,0.554720616570328,0.874566473988439,0.847206165703276,0.977263969171484,0.861849710982659,0.824084778420039,0.621772639691715,0.821772639691715,0.592100192678227,0.853179190751445,0.878420038535645,0.866088631984586,0.848362235067437,0.775722543352601,0.884007707129094,0.927938342967245,0.92504816955684,0.76859344894027,0.843159922928709
R-214,0.91271676300578,0.932177263969171,0.984200385356455,0.835838150289017,0.882273603082852,0.854335260115607,0.685934489402698,0.941425818882466,0.949132947976879,0.988824662813102,0.985934489402697,0.770520231213873,0.730828516377649,0.864547206165703,0.842581888246628,0.657225433526012,0.915992292870906,0.839306358381503,0.890944123314065,0.914065510597302,0.976878612716763,0.832755298651252,0.985356454720617,0.941040462427746,0.788439306358382,0.85028901734104,0.873795761078998,0.989980732177264,0.775722543352601,0.87514450867052,0.922350674373796,0.823121387283237,0.876685934489403,0.858188824662813,0.792100192678227,0.746242774566474,0.919845857418112,0.921579961464355,0.885356454720617,0.863391136801541,0.983815028901734,0.832562620423892,0.844315992292871,0.787090558766859,0.907899807321773,0.984200385356455,0.870327552986513,0.854720616570328,0.836994219653179,0.662042389210019,0.981888246628131,0.88111753371869,0.980732177263969,0.820423892100193,0.800385356454721,0.955298651252408,0.914258188824663,0.859152215799615,0.735452793834297,0.983622350674374,0.9626204238921,0.888439306358382,0.724277456647399,0.836223506743738,0.908092485549133,0.973988439306358,0.845664739884393,0.86242774566474,0.983044315992293,0.945857418111753,0.855298651252408,0.982466281310212,0.813294797687861,0.978227360308285,0.983429672447014,0.930250481695568,0.808285163776493,0.867244701348748,0.936030828516378,0.941233140655106,0.666473988439306,0.871290944123314,0.983044315992293,0.771290944123314,0.919460500963391,0.860886319845857,0.91888246628131,0.970327552986513,0.890366088631985,0.847398843930636,0,0.83776493256262,0.921001926782274,0.844508670520231,0.888824662813102,0.954142581888247,0.711946050096339,0.875529865125241,0.98766859344894,0.919267822736031,0.988824662813102,0.90597302504817,0.795183044315992,0.946628131021195,0.852408477842004,0.834296724470135,0.982466281310212,0.878227360308285,0.834489402697495,0.980154142581888,0.899036608863198,0.907707129094412,0.866859344894027,0.740462427745665,0.831791907514451,0.721001926782274,0.732947976878613,0.91888246628131,0.822350674373796,0.725433526011561,0.919460500963391,0.962042389210019,0.985356454720617,0.977263969171484,0.774566473988439,0.832177263969171,0.98747591522158,0.84354527938343,0.764932562620424,0.844894026974952,0.979576107899807,0.785934489402698,0.958381502890173,0.965317919075145,0.869942196531792,0.804238921001927,0.815606936416185,0.84412331406551,0.844508670520231,0.883622350674374,0.985356454720617,0.875722543352601,0.761849710982659,0.977842003853565,0.910789980732177,0.901541425818882,0.842967244701349,0.859537572254335
R-215,0.731791907514451,0.917726396917148,0.949132947976879,0.717148362235067,0.900385356454721,0.921387283236994,0.845857418111753,0.874181117533719,0.926589595375722,0.935838150289017,0.947206165703276,0.740462427745665,0.873410404624277,0.902504816955684,0.915221579961464,0.881888246628131,0.926782273603083,0.55009633911368,0.639884393063584,0.812138728323699,0.915221579961464,0.840655105973025,0.958188824662813,0.854720616570328,0.928709055876686,0.72504816955684,0.709248554913295,0.951445086705202,0.566281310211946,0.857610789980732,0.663005780346821,0.664739884393064,0.765510597302505,0.887861271676301,0.891522157996146,0.870134874759152,0.916570327552987,0.871676300578035,0.926396917148362,0.776878612716763,0.899421965317919,0.715799614643545,0.623314065510597,0.79383429672447,0.922157996146435,0.962042389210019,0.909055876685934,0.82504816955684,0.894605009633911,0.845279383429672,0.947591522157996,0.755298651252408,0.945857418111753,0.834874759152216,0.861657032755299,0.976300578034682,0.754913294797688,0.651059730250482,0.905780346820809,0.921001926782274,0.964547206165703,0.831791907514451,0.861078998073218,0.571290944123314,0.93102119460501,0.936223506743738,0.79344894026975,0.598843930635838,0.919460500963391,0.945086705202312,0.900770712909441,0.961657032755299,0.90655105973025,0.939113680154143,0.953371868978805,0.873795761078998,0.58728323699422,0.91888246628131,0.857996146435453,0.957225433526012,0.847013487475915,0.657032755298651,0.955684007707129,0.85028901734104,0.909441233140655,0.913294797687861,0.932755298651252,0.9373795761079,0.623506743737958,0.610211946050096,0.83776493256262,0,0.932562620423892,0.633333333333333,0.610211946050096,0.846050096339114,0.851830443159923,0.901348747591522,0.937957610789981,0.795375722543353,0.93121387283237,0.927938342967245,0.83140655105973,0.944894026974952,0.890751445086705,0.661657032755299,0.923892100192678,0.800578034682081,0.755876685934489,0.921387283236994,0.800578034682081,0.915028901734104,0.913487475915222,0.83102119460501,0.859152215799615,0.860693641618497,0.814836223506744,0.910789980732177,0.835452793834297,0.607514450867052,0.921194605009634,0.940462427745665,0.954142581888247,0.973603082851638,0.554720616570328,0.876493256262042,0.958766859344894,0.694412331406551,0.831791907514451,0.654527938342967,0.944315992292871,0.834296724470135,0.987090558766859,0.89402697495183,0.879383429672447,0.561464354527938,0.827938342967245,0.68092485549133,0.863969171483622,0.888053949903661,0.930250481695568,0.888824662813102,0.821965317919075,0.89344894026975,0.94354527938343,0.94393063583815,0.735067437379576,0.886512524084778
R-216,0.939113680154143,0.943352601156069,0.942581888246628,0.96878612716763,0.931984585741811,0.926782273603083,0.916955684007707,0.971098265895954,0.935260115606936,0.963583815028902,0.94990366088632,0.905202312138728,0.947784200385356,0.943352601156069,0.938150289017341,0.94990366088632,0.92466281310212,0.927552986512524,0.944508670520231,0.963198458574181,0.966859344894027,0.965317919075145,0.970520231213873,0.953371868978805,0.967437379576108,0.957803468208092,0.931599229287091,0.981695568400771,0.919845857418112,0.95606936416185,0.965703275529865,0.928901734104046,0.932947976878613,0.915606936416185,0.963005780346821,0.94393063583815,0.950481695568401,0.954913294797688,0.947206165703276,0.94393063583815,0.963391136801541,0.917148362235067,0.93102119460501,0.950867052023121,0.958766859344894,0.979383429672447,0.964932562620424,0.938728323699422,0.927552986512524,0.915028901734104,0.964354527938343,0.971868978805395,0.976685934489403,0.966666666666667,0.919845857418112,0.986705202312139,0.963005780346821,0.964739884393064,0.939499036608863,0.946435452793834,0.865125240847784,0.93757225433526,0.940269749518304,0.934682080924855,0.726204238921002,0.963198458574181,0.941618497109827,0.949518304431599,0.983622350674374,0.951252408477842,0.947206165703276,0.945472061657033,0.95009633911368,0.972832369942197,0.975722543352601,0.969749518304432,0.952023121387283,0.757032755298651,0.949132947976879,0.968400770712909,0.894797687861272,0.973795761078998,0.963005780346821,0.916570327552987,0.932755298651252,0.941425818882466,0.966859344894027,0.944894026974952,0.946242774566474,0.936416184971098,0.921001926782274,0.932562620423892,0,0.953564547206166,0.942967244701349,0.985356454720617,0.925818882466281,0.945279383429672,0.957032755298651,0.938535645472062,0.957032755298651,0.944701348747591,0.946820809248555,0.947013487475915,0.936801541425819,0.929672447013488,0.961657032755299,0.952793834296724,0.947013487475915,0.957610789980732,0.942774566473988,0.951059730250482,0.954720616570328,0.884585741811175,0.902890173410405,0.91233140655106,0.90597302504817,0.936994219653179,0.945664739884393,0.915221579961464,0.70019267822736,0.966666666666667,0.947398843930636,0.974181117533719,0.949518304431599,0.95645472061657,0.970520231213873,0.972061657032755,0.963776493256262,0.945664739884393,0.97533718689788,0.908285163776493,0.972254335260116,0.952986512524085,0.92485549132948,0.940077071290944,0.916570327552987,0.946242774566474,0.903275529865125,0.93121387283237,0.959922928709056,0.922157996146435,0.919653179190751,0.977649325626204,0.951059730250482,0.958574181117534,0.93140655105973,0.908092485549133
R-217,0.631984585741811,0.940847784200385,0.988631984585742,0.704624277456647,0.926011560693642,0.92504816955684,0.8626204238921,0.742196531791907,0.9626204238921,0.974373795761079,0.988053949903661,0.757032755298651,0.8626204238921,0.91907514450867,0.86840077071291,0.866281310211946,0.961271676300578,0.60597302504817,0.621387283236994,0.761657032755299,0.934104046242775,0.808863198458574,0.98766859344894,0.905780346820809,0.891329479768786,0.750867052023121,0.693256262042389,0.988053949903661,0.621194605009634,0.854142581888247,0.626204238921002,0.760693641618497,0.791136801541426,0.910019267822736,0.87533718689788,0.844508670520231,0.929672447013488,0.911175337186898,0.936801541425819,0.823121387283237,0.973025048169557,0.709633911368015,0.668015414258189,0.811560693641619,0.938342967244701,0.995568400770713,0.908092485549133,0.857418111753372,0.904046242774566,0.856647398843931,0.990173410404624,0.770520231213873,0.98728323699422,0.801541425818882,0.876493256262042,0.953564547206166,0.683429672447013,0.646242774566474,0.865317919075145,0.949132947976879,0.982080924855491,0.869556840077071,0.843159922928709,0.640269749518304,0.939113680154143,0.974181117533719,0.855876685934489,0.666666666666667,0.941425818882466,0.952793834296724,0.908092485549133,0.990944123314066,0.870712909441233,0.973410404624277,0.99364161849711,0.892485549132948,0.621194605009634,0.910789980732177,0.882273603082852,0.957803468208092,0.85645472061657,0.648362235067437,0.989980732177264,0.848554913294798,0.96242774566474,0.923892100192678,0.942196531791908,0.977456647398844,0.682466281310212,0.645857418111753,0.844508670520231,0.633333333333333,0.953564547206166,0,0.616184971098266,0.859730250481696,0.830635838150289,0.938535645472062,0.976493256262042,0.698651252408478,0.9747591522158,0.958959537572254,0.801541425818882,0.971483622350674,0.930635838150289,0.708477842003854,0.951252408477842,0.832755298651252,0.760693641618497,0.983236994219653,0.72485549132948,0.966473988439306,0.917533718689788,0.83102119460501,0.883236994219653,0.835067437379576,0.867630057803468,0.922350674373796,0.813294797687861,0.73102119460501,0.942581888246628,0.974566473988439,0.990366088631985,0.984393063583815,0.564739884393064,0.866859344894027,0.99383429672447,0.709633911368015,0.790173410404624,0.715992292870906,0.989788053949904,0.845472061657033,0.970712909441233,0.90616570327553,0.926204238921002,0.560693641618497,0.738728323699422,0.666473988439306,0.925626204238921,0.885356454720617,0.971868978805395,0.942389210019268,0.828131021194605,0.917533718689788,0.962042389210019,0.945472061657033,0.679768786127168,0.941233140655106
R-218,0.783622350674374,0.923699421965318,0.943352601156069,0.699614643545279,0.925433526011561,0.952986512524085,0.886705202312139,0.940655105973025,0.916377649325626,0.934874759152216,0.93121387283237,0.755684007707129,0.890173410404624,0.907899807321773,0.913872832369942,0.914836223506744,0.926396917148362,0.647013487475915,0.560886319845857,0.854720616570328,0.903275529865125,0.84990366088632,0.942389210019268,0.89364161849711,0.931599229287091,0.755491329479769,0.8,0.953371868978805,0.752215799614644,0.879576107899807,0.581888246628131,0.80655105973025,0.772061657032755,0.930057803468208,0.898073217726397,0.891714836223507,0.943352601156069,0.905780346820809,0.931599229287091,0.883429672447014,0.911753371868979,0.776685934489403,0.607899807321773,0.849325626204239,0.948554913294798,0.952023121387283,0.93102119460501,0.826396917148362,0.934104046242775,0.88092485549133,0.939113680154143,0.683622350674374,0.939884393063584,0.873410404624277,0.884007707129094,0.972832369942197,0.820038535645472,0.647591522157996,0.922543352601156,0.852986512524085,0.96897880539499,0.86223506743738,0.882466281310212,0.663776493256262,0.961078998073218,0.930057803468208,0.865317919075145,0.593063583815029,0.930635838150289,0.937957610789981,0.894412331406551,0.955684007707129,0.913487475915222,0.937957610789981,0.944701348747591,0.905780346820809,0.633718689788054,0.922736030828516,0.896339113680154,0.971676300578035,0.913102119460501,0.615221579961464,0.941233140655106,0.855491329479769,0.914836223506744,0.928323699421965,0.902119460500963,0.927745664739884,0.63757225433526,0.591136801541426,0.888824662813102,0.610211946050096,0.942967244701349,0.616184971098266,0,0.901734104046243,0.881888246628131,0.896531791907514,0.914258188824663,0.870712909441233,0.886512524084778,0.928901734104046,0.895375722543353,0.938728323699422,0.895183044315992,0.661849710982659,0.93121387283237,0.797880539499037,0.745086705202312,0.927167630057803,0.871676300578035,0.92466281310212,0.916763005780347,0.847784200385356,0.866281310211946,0.90655105973025,0.886705202312139,0.93718689788054,0.886127167630058,0.761657032755299,0.930635838150289,0.936223506743738,0.953564547206166,0.961657032755299,0.63159922928709,0.914065510597302,0.950674373795761,0.741618497109827,0.859730250481696,0.665895953757225,0.914836223506744,0.86840077071291,0.97514450867052,0.889980732177264,0.896724470134875,0.626974951830443,0.874373795761079,0.658574181117534,0.867630057803468,0.902119460500963,0.912909441233141,0.905587668593449,0.832755298651252,0.900770712909441,0.93776493256262,0.955491329479769,0.828901734104046,0.902119460500963
R-219,0.860693641618497,0.899421965317919,0.980346820809249,0.938150289017341,0.979383429672447,0.991329479768786,0.93776493256262,0.866859344894027,0.960693641618497,0.929287090558767,0.973795761078998,0.930250481695568,0.952793834296724,0.951059730250482,0.925433526011561,0.971676300578035,0.964161849710983,0.825433526011561,0.888053949903661,0.797302504816956,0.721001926782274,0.847013487475915,0.972639691714836,0.763198458574181,0.972639691714836,0.909055876685934,0.879576107899807,0.924084778420039,0.803275529865125,0.955105973025048,0.879768786127168,0.817148362235067,0.854335260115607,0.959152215799615,0.946242774566474,0.941811175337187,0.915992292870906,0.832177263969171,0.972447013487476,0.771483622350674,0.910211946050096,0.84412331406551,0.837957610789981,0.76242774566474,0.964932562620424,0.988246628131021,0.886319845857418,0.948554913294798,0.939113680154143,0.941811175337187,0.979190751445087,0.89364161849711,0.941040462427746,0.782466281310212,0.951830443159923,0.991522157996146,0.846050096339114,0.8373795761079,0.944123314065511,0.917726396917148,0.978612716763006,0.765703275529865,0.943352601156069,0.809055876685934,0.983815028901734,0.957032755298651,0.822928709055877,0.820616570327553,0.778420038535645,0.948747591522158,0.928131021194605,0.976107899807322,0.965895953757225,0.937957610789981,0.983429672447014,0.788053949903661,0.878420038535645,0.966666666666667,0.749325626204239,0.926974951830443,0.953179190751445,0.882273603082852,0.973603082851638,0.952793834296724,0.973603082851638,0.971868978805395,0.917148362235067,0.960308285163777,0.894990366088632,0.856840077071291,0.954142581888247,0.846050096339114,0.985356454720617,0.859730250481696,0.901734104046243,0,0.952601156069364,0.960308285163777,0.947784200385356,0.855876685934489,0.945664739884393,0.975722543352601,0.747206165703276,0.965510597302505,0.955684007707129,0.873410404624277,0.900770712909441,0.874566473988439,0.891329479768786,0.956840077071291,0.860500963391137,0.935067437379576,0.966473988439306,0.929479768786127,0.964161849710983,0.956647398843931,0.938728323699422,0.97533718689788,0.799036608863198,0.883622350674374,0.967244701348748,0.926204238921002,0.972254335260116,0.961464354527938,0.883044315992293,0.838150289017341,0.980154142581888,0.84990366088632,0.811753371868979,0.839113680154143,0.927360308285164,0.952986512524085,0.925818882466281,0.698651252408478,0.949132947976879,0.889980732177264,0.910982658959538,0.92466281310212,0.957610789980732,0.972061657032755,0.953757225433526,0.958381502890173,0.926011560693642,0.690366088631985,0.959344894026975,0.970712909441233,0.879190751445087,0.96859344894027
R-220,0.905587668593449,0.902697495183044,0.989595375722543,0.797495183044316,0.895375722543353,0.873410404624277,0.684393063583815,0.947976878612717,0.939306358381503,0.994219653179191,0.990558766859345,0.726011560693642,0.710404624277457,0.865703275529865,0.767630057803468,0.690366088631985,0.945086705202312,0.836801541425819,0.885934489402697,0.920231213872832,0.985163776493256,0.81271676300578,0.99344894026975,0.951252408477842,0.805394990366089,0.832369942196532,0.899229287090559,0.993256262042389,0.776878612716763,0.774181117533719,0.902697495183044,0.863391136801541,0.875529865125241,0.906743737957611,0.71868978805395,0.763005780346821,0.934104046242775,0.919653179190751,0.89980732177264,0.898073217726397,0.991714836223507,0.869556840077071,0.86840077071291,0.801926782273603,0.898265895953757,0.992678227360308,0.864932562620424,0.848940269749518,0.863198458574181,0.67514450867052,0.979383429672447,0.864161849710983,0.983622350674374,0.815221579961464,0.780732177263969,0.961078998073218,0.910019267822736,0.828709055876686,0.703468208092486,0.991329479768786,0.934874759152216,0.900578034682081,0.661657032755299,0.828901734104046,0.870712909441233,0.985163776493256,0.847398843930636,0.869749518304432,0.99402697495183,0.929479768786127,0.838921001926782,0.991329479768786,0.815992292870906,0.988631984585742,0.9878612716763,0.89344894026975,0.786705202312139,0.830250481695568,0.954142581888247,0.959537572254335,0.719845857418112,0.846242774566474,0.990751445086705,0.760115606936416,0.931599229287091,0.890751445086705,0.885549132947977,0.992678227360308,0.88150289017341,0.833140655105973,0.711946050096339,0.851830443159923,0.925818882466281,0.830635838150289,0.881888246628131,0.952601156069364,0,0.91271676300578,0.992870905587669,0.914065510597302,0.994605009633911,0.911560693641619,0.822543352601156,0.965317919075145,0.885356454720617,0.827745664739884,0.985549132947977,0.841233140655106,0.825626204238921,0.992485549132948,0.904624277456647,0.942581888246628,0.873988439306358,0.679961464354528,0.861464354527938,0.793256262042389,0.76840077071291,0.926782273603083,0.825818882466281,0.736223506743738,0.873410404624277,0.984200385356455,0.989788053949904,0.987090558766859,0.754720616570328,0.830828516377649,0.992292870905588,0.830250481695568,0.752215799614644,0.828901734104046,0.987090558766859,0.841425818882466,0.991329479768786,0.973795761078998,0.89383429672447,0.789788053949904,0.833718689788054,0.801734104046243,0.871868978805395,0.90019267822736,0.993256262042389,0.867437379576108,0.738728323699422,0.969749518304432,0.958381502890173,0.916955684007707,0.864547206165703,0.895953757225434
R-221,0.94354527938343,0.947398843930636,0.96897880539499,0.901926782273603,0.911753371868979,0.936416184971098,0.927552986512524,0.980539499036609,0.902504816955684,0.973410404624277,0.971098265895954,0.863776493256262,0.834489402697495,0.717148362235067,0.945279383429672,0.905587668593449,0.941425818882466,0.927552986512524,0.881695568400771,0.957803468208092,0.96242774566474,0.919845857418112,0.968015414258189,0.954527938342967,0.949325626204239,0.872639691714836,0.925433526011561,0.971676300578035,0.909055876685934,0.917919075144509,0.940077071290944,0.890366088631985,0.844894026974952,0.924470134874759,0.871290944123314,0.902697495183044,0.954335260115607,0.939691714836223,0.685163776493256,0.92504816955684,0.967630057803468,0.899614643545279,0.83159922928709,0.930250481695568,0.944894026974952,0.964161849710983,0.919267822736031,0.842967244701349,0.891714836223507,0.888053949903661,0.965510597302505,0.911368015414258,0.952408477842004,0.941618497109827,0.815028901734104,0.982851637764933,0.951445086705202,0.850481695568401,0.93140655105973,0.974373795761079,0.973410404624277,0.938728323699422,0.879768786127168,0.923892100192678,0.952986512524085,0.957610789980732,0.93102119460501,0.855491329479769,0.975529865125241,0.884585741811175,0.917726396917148,0.976300578034682,0.901926782273603,0.96223506743738,0.955298651252408,0.95009633911368,0.915221579961464,0.936416184971098,0.950481695568401,0.955298651252408,0.886127167630058,0.902312138728324,0.970520231213873,0.850481695568401,0.903082851637765,0.910019267822736,0.91868978805395,0.967052023121387,0.883622350674374,0.863776493256262,0.875529865125241,0.901348747591522,0.945279383429672,0.938535645472062,0.896531791907514,0.960308285163777,0.91271676300578,0,0.968208092485549,0.947784200385356,0.97514450867052,0.853371868978805,0.93140655105973,0.946050096339114,0.759344894026975,0.818111753371869,0.974181117533719,0.887861271676301,0.901734104046243,0.973795761078998,0.945857418111753,0.916763005780347,0.949325626204239,0.886127167630058,0.885549132947977,0.871676300578035,0.884778420038536,0.937957610789981,0.947976878612717,0.89383429672447,0.925818882466281,0.960693641618497,0.97514450867052,0.975529865125241,0.924470134874759,0.948940269749518,0.969942196531792,0.83159922928709,0.931984585741811,0.791907514450867,0.952793834296724,0.835838150289017,0.9878612716763,0.959730250481696,0.807707129094412,0.9121387283237,0.894797687861272,0.866666666666667,0.897109826589595,0.906743737957611,0.973217726396917,0.890366088631985,0.842581888246628,0.957803468208092,0.935067437379576,0.939884393063584,0.915606936416185,0.852601156069364
R-222,0.873988439306358,0.796146435452794,0.771676300578035,0.972254335260116,0.947591522157996,0.98131021194605,0.932369942196532,0.906936416184971,0.841233140655106,0.789017341040462,0.773795761078998,0.841425818882466,0.965125240847784,0.971676300578035,0.912909441233141,0.990558766859345,0.907129094412331,0.917726396917148,0.940655105973025,0.917148362235067,0.836416184971098,0.930828516377649,0.842196531791908,0.79402697495183,0.965895953757225,0.973988439306358,0.971290944123314,0.675337186897881,0.971290944123314,0.920809248554913,0.87495183044316,0.947591522157996,0.952986512524085,0.942774566473988,0.972832369942197,0.926396917148362,0.908285163776493,0.859344894026975,0.945664739884393,0.889017341040462,0.710982658959538,0.986897880539499,0.917533718689788,0.86859344894027,0.979576107899807,0.844315992292871,0.910789980732177,0.936608863198459,0.961657032755299,0.951059730250482,0.765895953757225,0.903082851637765,0.765125240847784,0.944701348747591,0.952408477842004,0.971290944123314,0.921772639691715,0.952793834296724,0.9,0.667630057803468,0.92485549132948,0.787090558766859,0.998073217726397,0.914450867052023,0.994797687861272,0.795375722543353,0.907707129094412,0.940655105973025,0.815992292870906,0.861464354527938,0.879961464354528,0.778034682080925,0.95028901734104,0.729672447013487,0.78150289017341,0.932369942196532,0.946628131021195,0.902119460500963,0.797880539499037,0.905009633911368,0.934296724470135,0.86223506743738,0.764354527938343,0.955491329479769,0.829865125240848,0.964161849710983,0.952023121387283,0.794990366088632,0.910404624277457,0.915028901734104,0.98766859344894,0.937957610789981,0.957032755298651,0.976493256262042,0.914258188824663,0.947784200385356,0.992870905587669,0.968208092485549,0,0.940077071290944,0.735645472061657,0.90616570327553,0.838535645472062,0.80635838150289,0.94971098265896,0.90635838150289,0.73159922928709,0.943352601156069,0.922736030828516,0.750481695568401,0.875529865125241,0.913294797687861,0.774566473988439,0.949518304431599,0.866281310211946,0.968208092485549,0.945472061657033,0.924277456647399,0.872447013487476,0.959537572254335,0.957803468208092,0.866473988439306,0.800963391136802,0.911946050096339,0.964161849710983,0.778805394990366,0.692292870905588,0.961078998073218,0.966281310211946,0.883044315992293,0.753371868978805,0.927552986512524,0.916955684007707,0.754527938342967,0.914836223506744,0.946435452793834,0.964739884393064,0.958188824662813,0.897687861271676,0.944315992292871,0.71907514450867,0.864547206165703,0.878420038535645,0.854335260115607,0.932755298651252,0.977456647398844,0.959922928709056,0.898843930635838
R-223,0.577071290944123,0.913680154142582,0.945472061657033,0.90635838150289,0.93140655105973,0.963391136801541,0.914836223506744,0.636608863198459,0.963005780346821,0.946050096339114,0.959730250481696,0.86859344894027,0.920809248554913,0.944315992292871,0.905009633911368,0.94393063583815,0.926974951830443,0.742003853564547,0.858766859344894,0.803853564547206,0.94354527938343,0.86897880539499,0.978227360308285,0.876493256262042,0.946050096339114,0.865703275529865,0.679576107899807,0.959344894026975,0.733911368015414,0.91868978805395,0.884585741811175,0.771868978805395,0.858959537572254,0.908863198458574,0.917726396917148,0.923314065510597,0.934104046242775,0.887861271676301,0.948169556840077,0.753371868978805,0.92485549132948,0.783236994219653,0.850481695568401,0.844894026974952,0.958381502890173,0.980346820809249,0.935645472061657,0.928709055876686,0.908285163776493,0.908285163776493,0.96281310211946,0.879768786127168,0.9747591522158,0.830057803468208,0.927360308285164,0.977842003853565,0.669171483622351,0.86281310211946,0.939113680154143,0.907899807321773,0.979190751445087,0.877071290944123,0.914258188824663,0.823506743737958,0.972832369942197,0.96223506743738,0.847013487475915,0.864932562620424,0.910789980732177,0.953371868978805,0.903853564547206,0.94354527938343,0.931791907514451,0.951059730250482,0.980346820809249,0.876685934489403,0.840847784200385,0.932947976878613,0.874373795761079,0.954913294797688,0.904624277456647,0.858381502890173,0.970134874759152,0.919653179190751,0.945472061657033,0.932177263969171,0.92466281310212,0.938150289017341,0.864161849710983,0.866666666666667,0.919267822736031,0.795375722543353,0.938535645472062,0.698651252408478,0.870712909441233,0.855876685934489,0.914065510597302,0.947784200385356,0.940077071290944,0,0.93102119460501,0.963583815028902,0.814258188824663,0.944894026974952,0.951252408477842,0.875915221579961,0.92466281310212,0.865317919075145,0.84373795761079,0.944894026974952,0.659152215799615,0.955876685934489,0.952793834296724,0.893256262042389,0.910597302504817,0.877649325626204,0.903468208092486,0.911175337186898,0.822157996146435,0.777071290944123,0.944701348747591,0.961464354527938,0.948362235067437,0.967822736030828,0.829287090558767,0.884393063583815,0.969171483622351,0.869364161849711,0.888246628131021,0.857803468208093,0.972254335260116,0.886127167630058,0.968015414258189,0.876685934489403,0.946435452793834,0.822350674373796,0.710982658959538,0.878805394990366,0.942196531791908,0.933911368015414,0.936416184971098,0.936416184971098,0.891522157996146,0.903853564547206,0.95028901734104,0.97495183044316,0.703082851637765,0.945472061657033
R-224,0.915414258188825,0.899421965317919,0.830443159922929,0.942196531791908,0.954142581888247,0.965510597302505,0.95009633911368,0.935260115606936,0.858188824662813,0.733333333333333,0.826204238921002,0.885163776493256,0.968208092485549,0.980346820809249,0.941811175337187,0.990944123314066,0.916763005780347,0.892100192678227,0.924084778420039,0.920423892100193,0.878612716763006,0.888439306358382,0.90655105973025,0.833333333333333,0.959152215799615,0.963969171483622,0.953564547206166,0.770905587668593,0.957032755298651,0.963198458574181,0.848169556840077,0.934489402697495,0.91868978805395,0.957610789980732,0.976107899807322,0.950481695568401,0.916570327552987,0.883429672447014,0.966473988439306,0.89364161849711,0.698458574181118,0.979768786127168,0.921965317919075,0.907321772639692,0.977456647398844,0.904046242774566,0.95626204238921,0.947013487475915,0.97495183044316,0.961849710982659,0.83776493256262,0.878420038535645,0.819653179190751,0.942774566473988,0.972254335260116,0.986897880539499,0.90635838150289,0.948940269749518,0.937957610789981,0.671483622350674,0.952986512524085,0.842774566473988,1,0.922543352601156,0.995953757225434,0.891329479768786,0.879576107899807,0.923506743737958,0.85626204238921,0.942389210019268,0.931599229287091,0.845857418111753,0.972639691714836,0.872061657032755,0.872639691714836,0.919267822736031,0.934296724470135,0.910789980732177,0.835838150289017,0.95626204238921,0.969364161849711,0.896146435452794,0.855684007707129,0.96859344894027,0.881695568400771,0.967630057803468,0.962042389210019,0.85626204238921,0.880732177263969,0.882466281310212,0.988824662813102,0.93121387283237,0.957032755298651,0.9747591522158,0.886512524084778,0.945664739884393,0.994605009633911,0.97514450867052,0.735645472061657,0.93102119460501,0,0.961271676300578,0.895183044315992,0.871290944123314,0.965510597302505,0.895375722543353,0.759344894026975,0.934874759152216,0.878034682080925,0.768015414258189,0.868015414258189,0.941811175337187,0.8373795761079,0.964354527938343,0.921387283236994,0.976878612716763,0.973795761078998,0.939306358381503,0.841040462427746,0.940655105973025,0.954913294797688,0.922350674373796,0.823699421965318,0.941040462427746,0.967244701348748,0.88766859344894,0.847784200385356,0.963776493256262,0.953564547206166,0.91888246628131,0.811560693641619,0.957032755298651,0.965510597302505,0.858381502890173,0.940462427745665,0.958381502890173,0.976493256262042,0.966666666666667,0.914643545279383,0.948362235067437,0.700770712909441,0.88747591522158,0.935645472061657,0.874373795761079,0.957418111753372,0.983236994219653,0.953371868978805,0.917726396917148
R-281,0.963583815028902,0.938535645472062,0.94971098265896,0.916763005780347,0.865317919075145,0.91252408477842,0.925818882466281,0.953757225433526,0.869556840077071,0.970905587668593,0.93102119460501,0.871483622350674,0.88766859344894,0.836416184971098,0.953371868978805,0.912909441233141,0.903275529865125,0.951059730250482,0.898458574181118,0.974373795761079,0.974566473988439,0.917148362235067,0.954527938342967,0.938342967244701,0.944894026974952,0.904046242774566,0.935067437379576,0.90616570327553,0.924470134874759,0.882851637764933,0.960886319845857,0.920423892100193,0.873988439306358,0.920809248554913,0.929479768786127,0.920038535645472,0.951059730250482,0.936223506743738,0.858381502890173,0.932947976878613,0.953564547206166,0.936030828516378,0.879383429672447,0.949518304431599,0.915028901734104,0.961849710982659,0.949518304431599,0.783429672447013,0.9252408477842,0.91849710982659,0.951830443159923,0.926396917148362,0.923121387283237,0.944508670520231,0.851637764932563,0.947013487475915,0.956647398843931,0.892292870905588,0.894990366088632,0.950867052023121,0.929479768786127,0.946435452793834,0.924277456647399,0.93121387283237,0.936416184971098,0.943352601156069,0.910211946050096,0.900963391136802,0.93776493256262,0.823314065510597,0.939306358381503,0.91233140655106,0.91849710982659,0.884971098265896,0.947591522157996,0.9626204238921,0.94971098265896,0.906743737957611,0.938921001926782,0.955298651252408,0.911175337186898,0.896146435452794,0.925626204238921,0.883044315992293,0.859922928709056,0.869364161849711,0.946628131021195,0.946242774566474,0.911175337186898,0.894219653179191,0.90597302504817,0.927938342967245,0.944701348747591,0.958959537572254,0.928901734104046,0.975722543352601,0.911560693641619,0.853371868978805,0.90616570327553,0.963583815028902,0.961271676300578,0,0.921194605009634,0.899229287090559,0.859344894026975,0.876300578034682,0.95645472061657,0.918304431599229,0.91868978805395,0.950481695568401,0.942196531791908,0.897302504816956,0.944894026974952,0.916377649325626,0.819845857418112,0.917148362235067,0.884585741811175,0.88111753371869,0.938728323699422,0.921387283236994,0.921579961464355,0.965703275529865,0.949518304431599,0.9747591522158,0.942774566473988,0.932755298651252,0.903853564547206,0.911175337186898,0.940655105973025,0.837957610789981,0.936223506743738,0.889210019267823,0.977649325626204,0.955876685934489,0.814836223506744,0.943352601156069,0.93776493256262,0.902312138728324,0.877456647398844,0.908670520231214,0.955105973025048,0.858766859344894,0.876493256262042,0.960115606936416,0.941233140655106,0.927552986512524,0.936994219653179,0.81849710982659
R-282,0.820616570327553,0.832177263969171,0.934104046242775,0.856647398843931,0.9121387283237,0.90616570327553,0.762042389210019,0.810982658959538,0.911946050096339,0.875529865125241,0.902119460500963,0.837957610789981,0.815606936416185,0.914065510597302,0.814643545279383,0.772061657032755,0.9121387283237,0.834874759152216,0.889017341040462,0.802119460500963,0.795375722543353,0.742967244701349,0.915606936416185,0.730250481695568,0.810597302504817,0.882466281310212,0.847976878612717,0.84412331406551,0.730250481695568,0.910019267822736,0.863776493256262,0.822928709055877,0.85626204238921,0.876685934489403,0.842003853564547,0.774566473988439,0.836801541425819,0.770905587668593,0.930443159922929,0.720809248554913,0.858959537572254,0.830635838150289,0.855298651252408,0.679383429672447,0.903082851637765,0.915221579961464,0.765317919075144,0.922157996146435,0.864547206165703,0.762042389210019,0.908670520231214,0.873025048169557,0.863005780346821,0.727745664739884,0.891522157996146,0.967052023121387,0.800385356454721,0.784007707129094,0.789595375722543,0.879190751445087,0.943352601156069,0.684007707129094,0.847206165703276,0.792100192678227,0.939113680154143,0.883429672447014,0.725626204238921,0.834489402697495,0.702890173410405,0.960115606936416,0.821965317919075,0.92504816955684,0.869556840077071,0.804816955684008,0.89344894026975,0.760886319845857,0.807321772639692,0.858188824662813,0.709441233140655,0.88766859344894,0.788824662813102,0.791136801541426,0.89980732177264,0.87514450867052,0.889595375722543,0.905009633911368,0.880732177263969,0.885934489402697,0.878612716763006,0.817341040462428,0.795183044315992,0.83140655105973,0.946820809248555,0.801541425818882,0.895375722543353,0.747206165703276,0.822543352601156,0.93140655105973,0.838535645472062,0.814258188824663,0.895183044315992,0.921194605009634,0,0.909826589595376,0.922157996146435,0.807321772639692,0.831984585741811,0.872254335260116,0.817341040462428,0.882466281310212,0.763969171483622,0.883622350674374,0.808670520231214,0.841040462427746,0.905780346820809,0.821001926782274,0.8252408477842,0.931599229287091,0.645279383429672,0.732755298651252,0.96223506743738,0.859730250481696,0.928901734104046,0.944894026974952,0.771483622350674,0.640077071290944,0.877649325626204,0.81888246628131,0.659344894026975,0.796146435452794,0.854913294797688,0.837957610789981,0.928901734104046,0.735067437379576,0.894605009633911,0.799036608863198,0.786897880539499,0.876685934489403,0.913680154142582,0.905780346820809,0.880732177263969,0.890944123314065,0.851637764932563,0.728131021194605,0.915414258188825,0.918111753371869,0.794605009633911,0.898265895953757
R-283,0.899614643545279,0.866473988439306,0.849518304431599,0.956840077071291,0.916184971098266,0.942196531791908,0.921001926782274,0.973988439306358,0.832562620423892,0.89364161849711,0.877456647398844,0.854335260115607,0.947591522157996,0.942774566473988,0.900770712909441,0.955684007707129,0.890751445086705,0.926974951830443,0.938150289017341,0.934104046242775,0.884393063583815,0.936416184971098,0.897880539499037,0.882080924855491,0.953757225433526,0.966473988439306,0.976493256262042,0.882658959537572,0.952601156069364,0.946820809248555,0.911753371868979,0.953371868978805,0.935452793834297,0.934489402697495,0.953179190751445,0.917341040462428,0.910982658959538,0.88747591522158,0.930057803468208,0.917533718689788,0.886705202312139,0.959730250481696,0.932755298651252,0.891136801541426,0.944315992292871,0.919653179190751,0.917533718689788,0.904624277456647,0.93718689788054,0.930828516377649,0.88111753371869,0.95009633911368,0.902312138728324,0.947013487475915,0.931984585741811,0.978805394990366,0.94990366088632,0.946242774566474,0.899229287090559,0.83102119460501,0.927552986512524,0.844894026974952,0.973410404624277,0.925433526011561,0.977649325626204,0.876493256262042,0.914836223506744,0.939113680154143,0.916570327552987,0.856840077071291,0.848940269749518,0.86223506743738,0.919267822736031,0.877456647398844,0.903275529865125,0.926396917148362,0.941618497109827,0.872061657032755,0.886512524084778,0.928323699421965,0.892292870905588,0.9252408477842,0.895953757225434,0.936801541425819,0.872832369942196,0.939499036608863,0.931984585741811,0.852215799614644,0.924084778420039,0.917533718689788,0.946628131021195,0.944894026974952,0.947013487475915,0.971483622350674,0.938728323699422,0.965510597302505,0.965317919075145,0.946050096339114,0.80635838150289,0.944894026974952,0.871290944123314,0.899229287090559,0.909826589595376,0,0.928709055876686,0.923506743737958,0.883044315992293,0.948940269749518,0.920616570327553,0.896724470134875,0.911368015414258,0.921772639691715,0.846242774566474,0.935645472061657,0.839884393063584,0.938150289017341,0.921579961464355,0.914258188824663,0.903660886319846,0.930828516377649,0.955105973025048,0.924470134874759,0.865317919075145,0.949325626204239,0.965125240847784,0.871868978805395,0.864547206165703,0.967822736030828,0.931791907514451,0.90019267822736,0.916377649325626,0.913680154142582,0.923314065510597,0.84354527938343,0.921194605009634,0.949132947976879,0.940269749518304,0.940655105973025,0.902312138728324,0.944508670520231,0.854913294797688,0.902312138728324,0.877263969171484,0.91252408477842,0.905009633911368,0.93718689788054,0.94971098265896,0.885163776493256
R-284,0.926204238921002,0.905202312138728,0.942581888246628,0.866666666666667,0.920616570327553,0.92504816955684,0.872639691714836,0.969556840077071,0.88111753371869,0.969749518304432,0.959537572254335,0.809826589595376,0.798073217726397,0.71271676300578,0.848940269749518,0.872639691714836,0.927938342967245,0.869364161849711,0.84354527938343,0.921579961464355,0.91233140655106,0.891136801541426,0.944315992292871,0.922736030828516,0.934104046242775,0.846820809248555,0.939884393063584,0.970905587668593,0.869749518304432,0.86878612716763,0.934104046242775,0.880732177263969,0.79402697495183,0.911753371868979,0.816184971098266,0.892100192678227,0.922543352601156,0.920616570327553,0.804624277456647,0.870712909441233,0.95606936416185,0.920616570327553,0.817919075144509,0.883622350674374,0.936994219653179,0.964547206165703,0.886319845857418,0.85606936416185,0.860886319845857,0.850674373795761,0.94990366088632,0.898458574181118,0.949518304431599,0.898073217726397,0.752986512524085,0.984778420038536,0.94990366088632,0.839499036608863,0.889210019267823,0.941811175337187,0.963969171483622,0.886512524084778,0.84971098265896,0.88747591522158,0.930443159922929,0.927745664739884,0.9,0.827552986512524,0.973988439306358,0.863198458574181,0.886897880539499,0.94990366088632,0.880154142581888,0.948554913294798,0.941040462427746,0.907707129094412,0.883236994219653,0.892485549132948,0.914836223506744,0.933140655105973,0.854527938342967,0.885356454720617,0.969556840077071,0.840462427745665,0.911753371868979,0.91868978805395,0.894412331406551,0.936416184971098,0.865895953757225,0.835838150289017,0.852408477842004,0.890751445086705,0.936801541425819,0.930635838150289,0.895183044315992,0.955684007707129,0.885356454720617,0.759344894026975,0.94971098265896,0.951252408477842,0.965510597302505,0.859344894026975,0.922157996146435,0.928709055876686,0,0.796339113680154,0.972254335260116,0.839499036608863,0.872061657032755,0.97495183044316,0.931984585741811,0.90019267822736,0.909826589595376,0.81849710982659,0.871483622350674,0.840655105973025,0.830250481695568,0.940847784200385,0.925818882466281,0.852793834296725,0.885741811175337,0.936801541425819,0.948747591522158,0.95626204238921,0.884585741811175,0.902697495183044,0.95645472061657,0.782466281310212,0.900770712909441,0.761271676300578,0.941425818882466,0.854142581888247,0.942774566473988,0.916184971098266,0.773217726396917,0.867437379576108,0.900385356454721,0.830250481695568,0.871098265895954,0.921001926782274,0.973603082851638,0.872254335260116,0.774566473988439,0.963391136801541,0.899229287090559,0.926782273603083,0.922543352601156,0.838535645472062
R-285,0.806743737957611,0.914643545279383,0.928131021194605,0.655298651252408,0.901156069364162,0.910019267822736,0.828323699421965,0.895183044315992,0.866473988439306,0.818304431599229,0.911753371868979,0.744508670520231,0.803275529865125,0.813872832369942,0.870134874759152,0.861464354527938,0.920231213872832,0.690558766859345,0.677649325626204,0.808670520231214,0.860308285163776,0.76878612716763,0.922350674373796,0.820423892100193,0.86878612716763,0.69383429672447,0.78092485549133,0.942196531791908,0.706936416184971,0.861657032755299,0.718304431599229,0.767052023121387,0.654335260115607,0.915221579961464,0.835645472061657,0.836416184971098,0.894605009633911,0.845857418111753,0.850481695568401,0.826396917148362,0.827552986512524,0.757803468208093,0.613294797687861,0.769171483622351,0.935260115606936,0.932755298651252,0.884007707129094,0.799614643545279,0.919653179190751,0.838728323699422,0.895761078998073,0.666473988439306,0.881888246628131,0.832562620423892,0.811368015414258,0.972061657032755,0.800385356454721,0.610019267822736,0.864932562620424,0.853179190751445,0.96242774566474,0.760115606936416,0.822157996146435,0.699036608863198,0.932177263969171,0.891714836223507,0.817148362235067,0.550674373795761,0.897495183044316,0.91868978805395,0.880346820809249,0.955684007707129,0.883044315992293,0.899036608863198,0.911560693641619,0.857418111753372,0.678998073217726,0.876107899807322,0.81907514450867,0.966666666666667,0.868015414258189,0.653179190751445,0.928323699421965,0.817726396917148,0.866281310211946,0.899421965317919,0.916570327552987,0.885356454720617,0.635067437379576,0.548554913294798,0.834296724470135,0.661657032755299,0.929672447013488,0.708477842003854,0.661849710982659,0.873410404624277,0.827745664739884,0.818111753371869,0.90635838150289,0.875915221579961,0.895375722543353,0.876300578034682,0.807321772639692,0.923506743737958,0.796339113680154,0,0.853564547206166,0.730057803468208,0.690944123314066,0.881695568400771,0.819267822736031,0.898651252408478,0.841425818882466,0.785356454720617,0.863391136801541,0.860308285163776,0.8373795761079,0.931984585741811,0.805202312138728,0.700963391136802,0.914643545279383,0.901156069364162,0.932562620423892,0.974181117533719,0.709826589595376,0.834104046242775,0.932947976878613,0.611753371868979,0.775722543352601,0.52485549132948,0.862042389210019,0.827360308285164,0.983815028901734,0.857225433526012,0.802890173410405,0.694412331406551,0.848747591522158,0.676107899807322,0.838150289017341,0.874181117533719,0.857803468208093,0.855298651252408,0.776493256262042,0.880346820809249,0.932369942196532,0.936416184971098,0.745279383429672,0.83140655105973
R-286,0.922928709055877,0.88092485549133,0.805394990366089,0.950867052023121,0.943352601156069,0.985549132947977,0.969556840077071,0.944894026974952,0.832562620423892,0.668015414258189,0.813680154142582,0.903660886319846,0.969749518304432,0.976107899807322,0.926204238921002,0.9878612716763,0.909826589595376,0.934682080924855,0.91888246628131,0.868015414258189,0.819845857418112,0.885741811175337,0.902504816955684,0.796724470134875,0.949325626204239,0.960500963391137,0.95626204238921,0.761271676300578,0.953371868978805,0.980732177263969,0.854527938342967,0.91907514450867,0.933333333333333,0.943352601156069,0.959922928709056,0.948940269749518,0.884778420038536,0.816377649325626,0.964354527938343,0.869364161849711,0.58728323699422,0.969171483622351,0.916570327552987,0.885741811175337,0.965895953757225,0.912909441233141,0.904624277456647,0.960886319845857,0.961078998073218,0.964547206165703,0.770520231213873,0.9,0.866666666666667,0.93140655105973,0.966859344894027,0.989980732177264,0.910982658959538,0.932562620423892,0.954913294797688,0.69402697495183,0.977263969171484,0.763198458574181,0.988439306358382,0.90597302504817,0.985741811175337,0.8373795761079,0.89383429672447,0.880539499036609,0.821579961464355,0.977071290944123,0.905587668593449,0.879768786127168,0.982080924855491,0.840269749518304,0.844508670520231,0.836416184971098,0.93102119460501,0.909633911368015,0.758381502890173,0.945664739884393,0.982273603082852,0.901541425818882,0.866859344894027,0.972447013487476,0.840462427745665,0.970905587668593,0.926204238921002,0.813680154142582,0.930057803468208,0.854527938342967,0.982466281310212,0.923892100192678,0.961657032755299,0.951252408477842,0.93121387283237,0.900770712909441,0.985549132947977,0.974181117533719,0.73159922928709,0.92466281310212,0.759344894026975,0.95645472061657,0.831984585741811,0.883044315992293,0.972254335260116,0.853564547206166,0,0.913294797687861,0.890944123314065,0.692870905587669,0.859344894026975,0.908477842003854,0.858959537572254,0.975529865125241,0.960308285163777,0.973217726396917,0.954527938342967,0.948747591522158,0.835067437379576,0.931599229287091,0.973025048169557,0.848362235067437,0.808092485549133,0.95028901734104,0.952215799614644,0.87533718689788,0.832755298651252,0.960693641618497,0.901926782273603,0.892292870905588,0.801541425818882,0.938342967244701,0.951059730250482,0.802119460500963,0.957996146435453,0.95626204238921,0.952601156069364,0.954720616570328,0.904624277456647,0.943352601156069,0.63140655105973,0.841233140655106,0.945664739884393,0.835645472061657,0.949518304431599,0.97495183044316,0.909441233140655,0.909248554913295
R-287,0.866473988439306,0.92485549132948,0.954142581888247,0.776685934489403,0.914258188824663,0.936608863198459,0.886319845857418,0.925818882466281,0.913487475915222,0.91868978805395,0.964547206165703,0.810404624277457,0.855684007707129,0.864161849710983,0.878227360308285,0.89364161849711,0.932947976878613,0.795183044315992,0.782273603082852,0.876685934489403,0.852793834296725,0.822928709055877,0.965125240847784,0.861271676300578,0.908863198458574,0.731984585741811,0.860500963391137,0.966473988439306,0.771676300578035,0.872061657032755,0.85009633911368,0.809055876685934,0.762042389210019,0.930250481695568,0.867244701348748,0.902119460500963,0.915992292870906,0.850867052023121,0.911368015414258,0.841425818882466,0.860115606936416,0.818111753371869,0.78111753371869,0.786705202312139,0.93757225433526,0.969942196531792,0.913294797687861,0.835067437379576,0.894990366088632,0.885163776493256,0.941233140655106,0.766473988439306,0.928516377649326,0.858381502890173,0.806743737957611,0.982466281310212,0.870905587668593,0.766088631984586,0.908285163776493,0.910211946050096,0.98150289017341,0.821194605009634,0.835260115606936,0.811560693641619,0.946820809248555,0.954720616570328,0.838535645472062,0.741233140655106,0.916763005780347,0.927360308285164,0.9121387283237,0.974373795761079,0.9,0.965703275529865,0.967052023121387,0.83159922928709,0.810019267822736,0.922736030828516,0.853757225433526,0.960886319845857,0.906743737957611,0.801156069364162,0.965317919075145,0.829865125240848,0.921001926782274,0.920809248554913,0.910597302504817,0.954142581888247,0.784778420038536,0.69364161849711,0.878227360308285,0.800578034682081,0.952793834296724,0.832755298651252,0.797880539499037,0.874566473988439,0.841233140655106,0.887861271676301,0.943352601156069,0.865317919075145,0.934874759152216,0.918304431599229,0.872254335260116,0.948940269749518,0.839499036608863,0.730057803468208,0.913294797687861,0,0.691714836223507,0.912909441233141,0.853949903660886,0.916184971098266,0.928131021194605,0.815606936416185,0.892485549132948,0.871098265895954,0.858381502890173,0.92466281310212,0.865317919075145,0.765510597302505,0.913872832369942,0.942581888246628,0.959344894026975,0.962042389210019,0.83776493256262,0.86840077071291,0.971098265895954,0.768208092485549,0.842389210019268,0.727552986512524,0.895183044315992,0.866088631984586,0.977071290944123,0.873410404624277,0.851252408477842,0.810982658959538,0.858188824662813,0.751830443159923,0.880346820809249,0.895761078998073,0.930635838150289,0.876878612716763,0.815221579961464,0.905009633911368,0.926011560693642,0.92466281310212,0.781888246628131,0.887090558766859
R-288,0.83718689788054,0.93102119460501,0.936994219653179,0.667437379576108,0.915221579961464,0.932562620423892,0.85626204238921,0.903468208092486,0.916377649325626,0.896531791907514,0.947398843930636,0.751830443159923,0.826589595375723,0.878420038535645,0.877071290944123,0.848362235067437,0.926589595375722,0.723314065510597,0.747976878612717,0.885163776493256,0.927938342967245,0.765895953757225,0.96897880539499,0.857225433526012,0.869364161849711,0.681888246628131,0.836416184971098,0.953564547206166,0.715028901734104,0.844894026974952,0.774181117533719,0.81252408477842,0.715799614643545,0.905780346820809,0.848747591522158,0.853179190751445,0.895761078998073,0.882466281310212,0.905587668593449,0.838150289017341,0.877842003853565,0.761657032755299,0.70635838150289,0.775529865125241,0.929672447013488,0.965895953757225,0.902119460500963,0.835838150289017,0.919267822736031,0.85028901734104,0.945857418111753,0.71233140655106,0.940077071290944,0.8252408477842,0.822928709055877,0.971676300578035,0.809826589595376,0.673410404624277,0.859537572254335,0.866666666666667,0.96859344894027,0.820423892100193,0.828516377649326,0.703082851637765,0.951637764932563,0.954913294797688,0.790173410404624,0.699421965317919,0.912909441233141,0.935067437379576,0.885163776493256,0.949518304431599,0.877649325626204,0.947206165703276,0.959344894026975,0.857610789980732,0.704816955684008,0.891522157996146,0.855105973025048,0.961078998073218,0.861464354527938,0.701734104046243,0.955876685934489,0.836994219653179,0.909248554913295,0.918304431599229,0.930250481695568,0.946242774566474,0.722736030828516,0.64393063583815,0.834489402697495,0.755876685934489,0.947013487475915,0.760693641618497,0.745086705202312,0.891329479768786,0.825626204238921,0.901734104046243,0.922736030828516,0.84373795761079,0.878034682080925,0.91868978805395,0.817341040462428,0.920616570327553,0.872061657032755,0.690944123314066,0.890944123314065,0.691714836223507,0,0.907707129094412,0.811946050096339,0.952215799614644,0.89402697495183,0.79383429672447,0.886897880539499,0.85009633911368,0.870134874759152,0.923121387283237,0.785741811175337,0.723314065510597,0.907707129094412,0.953564547206166,0.942967244701349,0.970712909441233,0.730443159922929,0.848169556840077,0.95626204238921,0.713680154142582,0.793063583815029,0.679768786127168,0.894797687861272,0.85626204238921,0.982658959537572,0.910019267822736,0.864932562620424,0.738150289017341,0.817533718689788,0.710019267822736,0.905587668593449,0.870712909441233,0.906743737957611,0.878805394990366,0.823506743737958,0.929287090558767,0.945857418111753,0.923892100192678,0.773988439306358,0.890558766859345
R-289,0.943159922928709,0.909441233140655,0.759152215799615,0.96242774566474,0.933140655105973,0.982273603082852,0.975915221579961,0.957996146435453,0.801541425818882,0.740462427745665,0.777263969171484,0.879768786127168,0.980154142581888,0.980539499036609,0.957225433526012,0.985356454720617,0.898073217726397,0.934874759152216,0.938535645472062,0.928901734104046,0.891522157996146,0.910982658959538,0.875529865125241,0.812138728323699,0.936223506743738,0.967822736030828,0.971676300578035,0.791136801541426,0.95645472061657,0.975722543352601,0.905394990366089,0.925626204238921,0.948554913294798,0.935452793834297,0.976878612716763,0.955876685934489,0.89980732177264,0.846050096339114,0.966473988439306,0.90597302504817,0.661271676300578,0.982466281310212,0.944894026974952,0.895375722543353,0.973410404624277,0.887090558766859,0.94393063583815,0.953179190751445,0.980154142581888,0.973603082851638,0.741233140655106,0.920038535645472,0.810404624277457,0.96242774566474,0.975529865125241,0.989210019267823,0.937957610789981,0.964161849710983,0.957996146435453,0.779190751445087,0.951252408477842,0.832369942196532,0.999614643545279,0.924084778420039,0.980539499036609,0.827360308285164,0.898265895953757,0.921579961464355,0.856647398843931,0.978998073217726,0.939499036608863,0.822543352601156,0.976300578034682,0.842389210019268,0.817919075144509,0.884393063583815,0.939691714836223,0.923699421965318,0.785549132947977,0.968015414258189,0.988824662813102,0.925626204238921,0.826011560693642,0.974181117533719,0.834104046242775,0.964739884393064,0.961657032755299,0.817148362235067,0.945857418111753,0.883815028901734,0.980154142581888,0.921387283236994,0.957610789980732,0.983236994219653,0.927167630057803,0.956840077071291,0.992485549132948,0.973795761078998,0.750481695568401,0.944894026974952,0.768015414258189,0.950481695568401,0.882466281310212,0.896724470134875,0.97495183044316,0.881695568400771,0.692870905587669,0.912909441233141,0.907707129094412,0,0.888053949903661,0.914258188824663,0.805394990366089,0.972447013487476,0.945279383429672,0.974566473988439,0.96242774566474,0.944123314065511,0.85645472061657,0.936608863198459,0.96859344894027,0.866666666666667,0.779576107899807,0.946435452793834,0.969556840077071,0.8747591522158,0.796146435452794,0.975529865125241,0.946050096339114,0.914258188824663,0.80597302504817,0.928709055876686,0.984393063583815,0.867437379576108,0.958574181117534,0.951059730250482,0.95626204238921,0.956647398843931,0.909055876685934,0.942581888246628,0.695183044315992,0.834682080924856,0.95606936416185,0.892870905587669,0.962042389210019,0.976685934489403,0.936994219653179,0.894605009633911
R-291,0.697687861271676,0.909633911368015,0.913680154142582,0.880154142581888,0.9121387283237,0.938535645472062,0.911753371868979,0.716184971098266,0.93121387283237,0.842967244701349,0.918111753371869,0.846435452793834,0.899036608863198,0.933526011560694,0.891136801541426,0.921772639691715,0.913487475915222,0.780346820809249,0.835067437379576,0.810404624277457,0.909248554913295,0.822157996146435,0.941811175337187,0.823121387283237,0.916570327552987,0.853179190751445,0.727552986512524,0.898651252408478,0.73159922928709,0.905202312138728,0.852408477842004,0.79402697495183,0.861464354527938,0.890751445086705,0.91233140655106,0.89383429672447,0.884007707129094,0.844894026974952,0.942003853564547,0.779190751445087,0.828131021194605,0.802504816955684,0.845279383429672,0.820038535645472,0.93140655105973,0.928131021194605,0.882080924855491,0.902504816955684,0.913872832369942,0.900770712909441,0.934296724470135,0.845857418111753,0.894219653179191,0.83159922928709,0.910789980732177,0.973795761078998,0.632755298651252,0.809441233140655,0.908285163776493,0.845279383429672,0.965895953757225,0.827938342967245,0.904816955684008,0.78092485549133,0.957996146435453,0.922736030828516,0.841233140655106,0.83159922928709,0.823121387283237,0.963005780346821,0.888439306358382,0.917726396917148,0.9252408477842,0.871290944123314,0.922543352601156,0.84354527938343,0.790558766859345,0.893256262042389,0.815028901734104,0.947013487475915,0.900963391136802,0.791522157996146,0.933140655105973,0.904816955684008,0.899229287090559,0.915606936416185,0.934874759152216,0.900770712909441,0.835645472061657,0.81849710982659,0.899036608863198,0.800578034682081,0.942774566473988,0.72485549132948,0.871676300578035,0.860500963391137,0.904624277456647,0.945857418111753,0.875529865125241,0.659152215799615,0.868015414258189,0.942196531791908,0.763969171483622,0.911368015414258,0.931984585741811,0.819267822736031,0.859344894026975,0.853949903660886,0.811946050096339,0.888053949903661,0,0.939306358381503,0.893256262042389,0.883044315992293,0.899036608863198,0.874181117533719,0.877456647398844,0.900770712909441,0.760693641618497,0.797880539499037,0.939499036608863,0.920616570327553,0.919845857418112,0.970712909441233,0.809441233140655,0.823314065510597,0.917148362235067,0.83718689788054,0.85009633911368,0.815414258188825,0.903853564547206,0.847591522157996,0.967630057803468,0.842581888246628,0.916763005780347,0.777263969171484,0.786897880539499,0.856647398843931,0.911368015414258,0.89980732177264,0.86878612716763,0.898651252408478,0.870520231213873,0.840269749518304,0.94393063583815,0.942967244701349,0.683622350674374,0.908863198458574
R-292,0.949132947976879,0.892870905587669,0.930443159922929,0.9626204238921,0.854527938342967,0.89344894026975,0.946050096339114,0.970905587668593,0.856647398843931,0.929672447013488,0.902504816955684,0.898651252408478,0.936030828516378,0.910404624277457,0.893063583815029,0.931599229287091,0.873217726396917,0.936801541425819,0.942967244701349,0.910597302504817,0.886705202312139,0.905780346820809,0.92485549132948,0.897687861271676,0.933718689788054,0.959537572254335,0.957803468208092,0.938728323699422,0.942967244701349,0.958381502890173,0.928323699421965,0.909633911368015,0.934296724470135,0.91868978805395,0.953179190751445,0.91271676300578,0.91907514450867,0.864354527938343,0.911560693641619,0.851059730250482,0.914450867052023,0.966666666666667,0.914065510597302,0.922350674373796,0.913102119460501,0.925626204238921,0.891329479768786,0.88766859344894,0.865317919075145,0.932369942196532,0.896917148362235,0.944701348747591,0.915799614643545,0.884971098265896,0.91888246628131,0.98150289017341,0.940462427745665,0.936223506743738,0.93140655105973,0.91907514450867,0.938342967244701,0.886319845857418,0.964739884393064,0.931599229287091,0.94990366088632,0.858574181117534,0.866859344894027,0.89383429672447,0.915799614643545,0.924470134874759,0.890558766859345,0.933333333333333,0.951830443159923,0.890751445086705,0.913102119460501,0.898073217726397,0.951059730250482,0.870905587668593,0.896531791907514,0.928323699421965,0.915606936416185,0.942196531791908,0.897880539499037,0.923892100192678,0.864739884393064,0.876107899807322,0.892100192678227,0.903468208092486,0.954142581888247,0.910211946050096,0.907707129094412,0.915028901734104,0.951059730250482,0.966473988439306,0.92466281310212,0.935067437379576,0.942581888246628,0.916763005780347,0.913294797687861,0.955876685934489,0.941811175337187,0.897302504816956,0.883622350674374,0.921772639691715,0.90019267822736,0.898651252408478,0.908477842003854,0.916184971098266,0.952215799614644,0.914258188824663,0.939306358381503,0,0.883429672447014,0.931984585741811,0.907899807321773,0.898651252408478,0.878805394990366,0.908092485549133,0.900963391136802,0.91271676300578,0.949518304431599,0.879383429672447,0.934682080924855,0.947976878612717,0.960886319845857,0.910404624277457,0.90597302504817,0.948362235067437,0.905202312138728,0.86897880539499,0.934296724470135,0.866088631984586,0.953949903660886,0.886127167630058,0.921001926782274,0.924470134874759,0.930635838150289,0.939884393063584,0.820809248554913,0.901734104046243,0.915606936416185,0.848169556840077,0.902312138728324,0.917726396917148,0.842967244701349,0.877649325626204,0.946435452793834,0.828516377649326
R-293,0.909055876685934,0.86897880539499,0.792870905587669,0.897687861271676,0.924084778420039,0.908863198458574,0.834874759152216,0.942967244701349,0.801348747591522,0.857996146435453,0.785741811175337,0.800385356454721,0.870905587668593,0.92485549132948,0.819267822736031,0.870712909441233,0.903082851637765,0.9,0.966088631984586,0.892485549132948,0.897109826589595,0.852793834296725,0.867822736030828,0.848362235067437,0.853949903660886,0.936801541425819,0.957803468208092,0.850481695568401,0.90616570327553,0.931791907514451,0.867822736030828,0.898265895953757,0.933140655105973,0.925818882466281,0.871676300578035,0.822928709055877,0.888246628131021,0.891907514450867,0.909055876685934,0.880539499036609,0.877071290944123,0.947206165703276,0.922736030828516,0.830828516377649,0.925626204238921,0.860308285163776,0.855298651252408,0.934489402697495,0.934296724470135,0.841040462427746,0.780539499036609,0.909055876685934,0.836801541425819,0.897495183044316,0.897302504816956,0.987090558766859,0.926204238921002,0.909633911368015,0.804046242774566,0.839113680154143,0.926974951830443,0.799036608863198,0.883044315992293,0.889017341040462,0.945472061657033,0.827360308285164,0.864161849710983,0.904046242774566,0.90635838150289,0.935838150289017,0.834296724470135,0.823892100192678,0.862042389210019,0.857418111753372,0.828323699421965,0.913487475915222,0.876493256262042,0.841040462427746,0.83757225433526,0.920616570327553,0.835452793834297,0.873795761078998,0.797880539499037,0.869556840077071,0.852986512524085,0.898265895953757,0.935645472061657,0.839499036608863,0.91252408477842,0.878998073217726,0.866859344894027,0.913487475915222,0.954720616570328,0.917533718689788,0.916763005780347,0.966473988439306,0.873988439306358,0.949325626204239,0.774566473988439,0.952793834296724,0.8373795761079,0.944894026974952,0.808670520231214,0.846242774566474,0.909826589595376,0.841425818882466,0.858959537572254,0.928131021194605,0.89402697495183,0.805394990366089,0.893256262042389,0.883429672447014,0,0.851637764932563,0.880346820809249,0.865703275529865,0.878805394990366,0.944894026974952,0.838728323699422,0.859730250481696,0.953564547206166,0.883236994219653,0.78766859344894,0.910211946050096,0.880732177263969,0.784778420038536,0.785356454720617,0.910211946050096,0.849518304431599,0.87514450867052,0.877649325626204,0.868015414258189,0.94373795761079,0.877263969171484,0.898651252408478,0.88092485549133,0.889402697495183,0.90655105973025,0.880154142581888,0.894990366088632,0.827167630057803,0.875529865125241,0.828131021194605,0.914450867052023,0.921001926782274,0.940847784200385,0.895375722543353,0.877263969171484
R-294,0.862042389210019,0.914836223506744,0.955491329479769,0.810019267822736,0.904816955684008,0.863198458574181,0.735838150289017,0.936608863198459,0.914836223506744,0.974181117533719,0.964739884393064,0.703082851637765,0.727938342967245,0.855876685934489,0.809826589595376,0.773410404624277,0.934489402697495,0.799614643545279,0.858766859344894,0.897880539499037,0.936223506743738,0.822928709055877,0.961657032755299,0.910019267822736,0.83159922928709,0.805009633911368,0.874373795761079,0.971868978805395,0.792100192678227,0.794605009633911,0.877456647398844,0.834104046242775,0.833333333333333,0.899229287090559,0.69364161849711,0.785163776493256,0.915414258188825,0.915799614643545,0.890173410404624,0.877071290944123,0.963776493256262,0.842389210019268,0.824662813102119,0.78728323699422,0.916955684007707,0.967052023121387,0.874373795761079,0.834489402697495,0.881888246628131,0.734682080924856,0.964932562620424,0.835645472061657,0.963776493256262,0.81849710982659,0.728131021194605,0.97495183044316,0.89344894026975,0.818111753371869,0.74373795761079,0.955298651252408,0.90616570327553,0.858959537572254,0.668015414258189,0.806743737957611,0.86878612716763,0.952601156069364,0.843352601156069,0.820616570327553,0.970134874759152,0.904431599229287,0.853949903660886,0.953757225433526,0.808863198458574,0.95645472061657,0.968400770712909,0.886512524084778,0.784778420038536,0.813680154142582,0.91907514450867,0.949325626204239,0.730250481695568,0.825818882466281,0.964354527938343,0.727938342967245,0.928131021194605,0.889017341040462,0.923699421965318,0.950867052023121,0.817148362235067,0.790751445086705,0.740462427745665,0.83102119460501,0.884585741811175,0.83102119460501,0.847784200385356,0.929479768786127,0.679961464354528,0.886127167630058,0.949518304431599,0.893256262042389,0.964354527938343,0.916377649325626,0.841040462427746,0.935645472061657,0.81849710982659,0.785356454720617,0.975529865125241,0.815606936416185,0.79383429672447,0.972447013487476,0.883044315992293,0.931984585741811,0.851637764932563,0,0.83140655105973,0.796724470134875,0.758959537572254,0.901926782273603,0.829287090558767,0.741618497109827,0.838535645472062,0.952023121387283,0.960500963391137,0.973603082851638,0.78747591522158,0.824662813102119,0.95626204238921,0.810597302504817,0.778034682080925,0.791136801541426,0.960308285163777,0.833718689788054,0.972832369942197,0.933526011560694,0.842581888246628,0.79344894026975,0.828516377649326,0.783622350674374,0.821965317919075,0.866088631984586,0.967822736030828,0.84393063583815,0.657418111753372,0.963198458574181,0.926204238921002,0.910404624277457,0.841233140655106,0.888824662813102
R-295,0.881888246628131,0.845472061657033,0.880154142581888,0.89364161849711,0.84412331406551,0.842967244701349,0.821001926782274,0.950674373795761,0.873603082851638,0.968208092485549,0.917726396917148,0.764547206165703,0.85606936416185,0.859922928709056,0.863776493256262,0.87495183044316,0.904238921001927,0.850481695568401,0.895761078998073,0.936030828516378,0.908863198458574,0.902312138728324,0.949132947976879,0.858766859344894,0.900578034682081,0.889017341040462,0.902312138728324,0.93776493256262,0.848362235067437,0.862042389210019,0.907707129094412,0.857032755298651,0.872254335260116,0.865895953757225,0.883044315992293,0.862042389210019,0.877456647398844,0.92504816955684,0.875722543352601,0.899036608863198,0.949132947976879,0.873988439306358,0.848940269749518,0.834874759152216,0.905202312138728,0.95645472061657,0.906743737957611,0.80616570327553,0.888439306358382,0.830443159922929,0.951252408477842,0.891329479768786,0.967437379576108,0.911753371868979,0.808863198458574,0.945472061657033,0.928131021194605,0.892485549132948,0.826782273603083,0.883622350674374,0.934682080924855,0.829094412331407,0.862042389210019,0.85626204238921,0.899614643545279,0.919460500963391,0.889402697495183,0.891714836223507,0.958766859344894,0.76242774566474,0.841618497109827,0.900578034682081,0.843352601156069,0.933333333333333,0.964739884393064,0.946050096339114,0.882658959537572,0.844701348747592,0.891329479768786,0.924277456647399,0.80635838150289,0.882658959537572,0.947976878612717,0.810789980732177,0.892870905587669,0.859537572254335,0.924084778420039,0.894797687861272,0.855491329479769,0.860886319845857,0.831791907514451,0.859152215799615,0.902890173410405,0.883236994219653,0.866281310211946,0.964161849710983,0.861464354527938,0.885549132947977,0.866281310211946,0.910597302504817,0.921387283236994,0.819845857418112,0.905780346820809,0.839884393063584,0.871483622350674,0.863391136801541,0.960308285163777,0.892485549132948,0.886897880539499,0.945279383429672,0.899036608863198,0.907899807321773,0.880346820809249,0.83140655105973,0,0.851059730250482,0.80635838150289,0.859730250481696,0.883429672447014,0.83121387283237,0.904816955684008,0.966666666666667,0.914643545279383,0.960308285163777,0.859344894026975,0.853179190751445,0.936801541425819,0.909248554913295,0.902504816955684,0.864161849710983,0.96281310211946,0.83718689788054,0.907707129094412,0.85606936416185,0.826589595375723,0.863969171483622,0.873603082851638,0.845857418111753,0.819653179190751,0.888631984585742,0.941811175337187,0.834296724470135,0.75626204238921,0.95028901734104,0.896531791907514,0.913487475915222,0.88092485549133,0.81868978805395
R-296,0.869942196531792,0.906936416184971,0.955105973025048,0.875529865125241,0.865125240847784,0.879383429672447,0.796531791907514,0.921194605009634,0.932177263969171,0.984778420038536,0.96897880539499,0.773795761078998,0.790558766859345,0.85606936416185,0.813680154142582,0.755876685934489,0.892678227360308,0.836030828516378,0.898843930635838,0.911946050096339,0.944123314065511,0.859152215799615,0.963969171483622,0.923121387283237,0.830057803468208,0.869942196531792,0.872254335260116,0.977456647398844,0.798073217726397,0.889017341040462,0.930250481695568,0.838150289017341,0.888824662813102,0.872832369942196,0.792100192678227,0.765703275529865,0.916955684007707,0.904046242774566,0.858766859344894,0.838150289017341,0.978998073217726,0.848169556840077,0.8626204238921,0.822350674373796,0.904816955684008,0.976685934489403,0.845857418111753,0.881695568400771,0.801156069364162,0.733140655105973,0.958959537572254,0.907899807321773,0.973988439306358,0.842389210019268,0.823892100192678,0.966088631984586,0.890751445086705,0.884585741811175,0.796146435452794,0.968208092485549,0.959922928709056,0.872832369942196,0.773410404624277,0.841040462427746,0.915799614643545,0.944508670520231,0.845086705202312,0.883429672447014,0.968015414258189,0.939113680154143,0.822350674373796,0.971676300578035,0.755298651252408,0.954720616570328,0.970712909441233,0.898458574181118,0.841233140655106,0.854527938342967,0.925626204238921,0.925818882466281,0.746628131021195,0.885741811175337,0.973988439306358,0.802697495183044,0.925433526011561,0.876300578034682,0.877263969171484,0.948362235067437,0.896146435452794,0.865895953757225,0.721001926782274,0.860693641618497,0.91233140655106,0.835067437379576,0.90655105973025,0.956647398843931,0.793256262042389,0.871676300578035,0.968208092485549,0.877649325626204,0.976878612716763,0.917148362235067,0.821001926782274,0.938150289017341,0.840655105973025,0.860308285163776,0.973217726396917,0.871098265895954,0.85009633911368,0.974566473988439,0.874181117533719,0.898651252408478,0.865703275529865,0.796724470134875,0.851059730250482,0,0.750867052023121,0.910597302504817,0.850674373795761,0.777456647398844,0.926011560693642,0.948362235067437,0.965317919075145,0.959922928709056,0.811175337186898,0.841811175337187,0.967437379576108,0.863391136801541,0.824084778420039,0.85645472061657,0.974566473988439,0.755298651252408,0.949325626204239,0.94393063583815,0.867822736030828,0.820809248554913,0.78111753371869,0.841811175337187,0.877842003853565,0.870327552986513,0.980539499036609,0.872447013487476,0.785741811175337,0.963969171483622,0.890173410404624,0.915028901734104,0.815414258188825,0.869942196531792
R-297,0.898458574181118,0.876878612716763,0.950674373795761,0.877263969171484,0.861849710982659,0.811560693641619,0.725818882466281,0.938921001926782,0.91252408477842,0.957610789980732,0.957803468208092,0.769556840077071,0.760500963391137,0.850481695568401,0.807321772639692,0.784393063583815,0.911560693641619,0.816955684007707,0.905394990366089,0.904046242774566,0.93776493256262,0.872061657032755,0.931984585741811,0.91907514450867,0.864354527938343,0.875529865125241,0.877071290944123,0.965895953757225,0.780539499036609,0.857225433526012,0.920038535645472,0.804816955684008,0.88092485549133,0.871290944123314,0.79364161849711,0.828131021194605,0.914065510597302,0.873410404624277,0.879768786127168,0.858188824662813,0.948747591522158,0.854527938342967,0.871098265895954,0.83757225433526,0.896724470134875,0.94354527938343,0.830057803468208,0.853371868978805,0.817726396917148,0.7,0.927938342967245,0.873603082851638,0.95626204238921,0.86859344894027,0.796531791907514,0.965703275529865,0.909826589595376,0.876300578034682,0.795953757225433,0.969171483622351,0.96242774566474,0.869942196531792,0.744508670520231,0.832947976878613,0.889595375722543,0.890366088631985,0.846435452793834,0.866088631984586,0.953949903660886,0.932755298651252,0.820038535645472,0.966281310211946,0.839884393063584,0.926204238921002,0.915414258188825,0.89364161849711,0.830443159922929,0.867630057803468,0.915992292870906,0.924277456647399,0.677842003853565,0.873603082851638,0.964547206165703,0.783622350674374,0.888246628131021,0.853179190751445,0.861078998073218,0.939499036608863,0.889210019267823,0.841618497109827,0.732947976878613,0.814836223506744,0.90597302504817,0.867630057803468,0.886705202312139,0.938728323699422,0.76840077071291,0.884778420038536,0.945472061657033,0.903468208092486,0.973795761078998,0.884585741811175,0.8252408477842,0.921579961464355,0.830250481695568,0.8373795761079,0.954527938342967,0.858381502890173,0.870134874759152,0.96242774566474,0.877456647398844,0.878805394990366,0.878805394990366,0.758959537572254,0.80635838150289,0.750867052023121,0,0.911753371868979,0.860693641618497,0.74393063583815,0.903275529865125,0.911946050096339,0.963198458574181,0.964739884393064,0.807707129094412,0.839306358381503,0.936416184971098,0.845664739884393,0.852023121387283,0.836030828516378,0.948169556840077,0.776878612716763,0.952601156069364,0.936801541425819,0.851637764932563,0.785934489402698,0.83102119460501,0.843159922928709,0.705587668593449,0.871676300578035,0.960115606936416,0.824470134874759,0.736608863198459,0.940655105973025,0.879768786127168,0.892485549132948,0.85028901734104,0.851830443159923
R-298,0.915221579961464,0.92485549132948,0.931984585741811,0.950674373795761,0.870905587668593,0.935838150289017,0.920616570327553,0.939691714836223,0.921965317919075,0.963776493256262,0.933911368015414,0.870712909441233,0.933526011560694,0.904816955684008,0.931599229287091,0.925626204238921,0.900963391136802,0.914643545279383,0.926589595375722,0.94373795761079,0.955491329479769,0.928709055876686,0.963969171483622,0.917919075144509,0.936994219653179,0.947013487475915,0.9252408477842,0.9373795761079,0.911560693641619,0.934489402697495,0.944508670520231,0.908670520231214,0.933718689788054,0.914065510597302,0.951830443159923,0.888053949903661,0.922543352601156,0.927938342967245,0.917919075144509,0.89980732177264,0.947398843930636,0.931791907514451,0.913680154142582,0.933333333333333,0.90635838150289,0.956647398843931,0.941618497109827,0.863391136801541,0.921001926782274,0.927938342967245,0.963391136801541,0.939884393063584,0.957225433526012,0.933526011560694,0.905394990366089,0.94990366088632,0.918304431599229,0.926782273603083,0.90597302504817,0.921965317919075,0.958766859344894,0.916763005780347,0.942967244701349,0.91252408477842,0.952793834296724,0.959344894026975,0.899229287090559,0.940077071290944,0.942967244701349,0.896339113680154,0.932755298651252,0.924277456647399,0.918304431599229,0.93776493256262,0.964161849710983,0.932947976878613,0.931599229287091,0.889595375722543,0.931984585741811,0.964547206165703,0.928709055876686,0.915414258188825,0.941233140655106,0.899229287090559,0.901541425818882,0.889980732177264,0.957418111753372,0.938150289017341,0.925626204238921,0.923314065510597,0.91888246628131,0.910789980732177,0.936994219653179,0.922350674373796,0.93718689788054,0.97533718689788,0.926782273603083,0.937957610789981,0.924277456647399,0.911175337186898,0.939306358381503,0.88111753371869,0.931599229287091,0.914258188824663,0.940847784200385,0.931984585741811,0.948747591522158,0.92466281310212,0.923121387283237,0.944123314065511,0.900770712909441,0.908092485549133,0.944894026974952,0.901926782273603,0.859730250481696,0.910597302504817,0.911753371868979,0,0.897302504816956,0.904238921001927,0.937957610789981,0.971868978805395,0.941233140655106,0.979768786127168,0.935645472061657,0.932177263969171,0.946050096339114,0.952986512524085,0.936608863198459,0.896146435452794,0.962042389210019,0.882080924855491,0.980154142581888,0.919653179190751,0.90635838150289,0.923506743737958,0.905780346820809,0.902119460500963,0.903660886319846,0.892485549132948,0.944508670520231,0.879768786127168,0.90635838150289,0.964161849710983,0.941233140655106,0.926782273603083,0.902119460500963,0.870327552986513
R-301,0.835260115606936,0.86897880539499,0.902697495183044,0.820809248554913,0.888053949903661,0.900963391136802,0.813487475915222,0.841618497109827,0.894797687861272,0.871483622350674,0.914450867052023,0.819653179190751,0.832369942196532,0.90597302504817,0.809441233140655,0.807707129094412,0.882466281310212,0.806743737957611,0.86840077071291,0.760693641618497,0.823314065510597,0.692678227360308,0.933718689788054,0.73159922928709,0.817533718689788,0.871868978805395,0.893256262042389,0.895953757225434,0.746242774566474,0.923699421965318,0.841618497109827,0.812909441233141,0.845279383429672,0.895761078998073,0.847206165703276,0.779768786127168,0.848940269749518,0.756840077071291,0.918111753371869,0.685163776493256,0.832562620423892,0.852408477842004,0.840847784200385,0.702312138728324,0.87495183044316,0.942196531791908,0.819267822736031,0.905394990366089,0.885549132947977,0.815221579961464,0.921579961464355,0.856647398843931,0.912909441233141,0.705394990366089,0.886897880539499,0.9626204238921,0.785356454720617,0.770712909441233,0.809055876685934,0.847976878612717,0.95028901734104,0.678034682080925,0.86242774566474,0.78747591522158,0.938728323699422,0.909441233140655,0.680732177263969,0.830635838150289,0.802504816955684,0.938728323699422,0.824662813102119,0.916184971098266,0.8626204238921,0.894797687861272,0.934682080924855,0.727938342967245,0.802890173410405,0.798265895953757,0.695953757225434,0.92485549132948,0.83159922928709,0.810019267822736,0.928131021194605,0.853949903660886,0.901926782273603,0.897687861271676,0.89980732177264,0.88728323699422,0.86281310211946,0.788246628131021,0.822350674373796,0.835452793834297,0.945664739884393,0.813294797687861,0.886127167630058,0.799036608863198,0.825818882466281,0.947976878612717,0.872447013487476,0.822157996146435,0.841040462427746,0.938728323699422,0.645279383429672,0.903660886319846,0.925818882466281,0.805202312138728,0.835067437379576,0.865317919075145,0.785741811175337,0.85645472061657,0.760693641618497,0.900963391136802,0.838728323699422,0.829287090558767,0.883429672447014,0.850674373795761,0.860693641618497,0.897302504816956,0,0.754527938342967,0.944508670520231,0.895568400770713,0.903275529865125,0.967052023121387,0.786319845857418,0.710597302504817,0.936994219653179,0.831791907514451,0.683429672447013,0.819460500963391,0.896531791907514,0.861464354527938,0.932562620423892,0.771290944123314,0.897687861271676,0.832177263969171,0.8252408477842,0.86897880539499,0.914643545279383,0.888246628131021,0.857032755298651,0.886705202312139,0.84373795761079,0.785549132947977,0.925818882466281,0.894990366088632,0.803660886319846,0.869171483622351
R-302,0.801926782273603,0.933911368015414,0.942003853564547,0.715414258188825,0.893063583815029,0.890751445086705,0.701926782273603,0.852023121387283,0.931984585741811,0.929865125240848,0.951830443159923,0.709826589595376,0.769556840077071,0.871098265895954,0.836416184971098,0.710404624277457,0.921772639691715,0.584007707129094,0.780539499036609,0.803853564547206,0.906936416184971,0.794605009633911,0.970520231213873,0.87514450867052,0.809055876685934,0.772254335260116,0.763583815028902,0.966859344894027,0.567244701348748,0.839113680154143,0.790944123314065,0.619845857418112,0.779576107899807,0.85645472061657,0.804238921001927,0.754527938342967,0.895375722543353,0.878998073217726,0.917148362235067,0.761464354527938,0.904816955684008,0.722543352601156,0.734489402697495,0.701156069364162,0.891522157996146,0.96897880539499,0.878805394990366,0.837957610789981,0.869556840077071,0.692870905587669,0.958574181117534,0.78111753371869,0.96897880539499,0.76840077071291,0.830828516377649,0.972447013487476,0.788246628131021,0.731791907514451,0.785549132947977,0.921772639691715,0.969364161849711,0.810211946050096,0.772254335260116,0.65009633911368,0.913872832369942,0.948940269749518,0.782658959537572,0.733718689788054,0.926589595375722,0.949518304431599,0.869556840077071,0.94971098265896,0.839113680154143,0.961464354527938,0.969749518304432,0.861657032755299,0.619267822736031,0.862042389210019,0.875915221579961,0.964354527938343,0.723314065510597,0.743159922928709,0.969364161849711,0.800963391136802,0.904238921001927,0.865125240847784,0.910789980732177,0.942196531791908,0.774181117533719,0.698073217726397,0.725433526011561,0.607514450867052,0.915221579961464,0.73102119460501,0.761657032755299,0.883622350674374,0.736223506743738,0.89383429672447,0.959537572254335,0.777071290944123,0.940655105973025,0.921387283236994,0.732755298651252,0.930828516377649,0.852793834296725,0.700963391136802,0.931599229287091,0.765510597302505,0.723314065510597,0.936608863198459,0.797880539499037,0.91271676300578,0.859730250481696,0.741618497109827,0.83121387283237,0.777456647398844,0.74393063583815,0.904238921001927,0.754527938342967,0,0.891136801541426,0.947398843930636,0.945279383429672,0.979768786127168,0.607321772639692,0.807129094412331,0.972061657032755,0.704238921001927,0.682080924855491,0.710789980732177,0.9626204238921,0.823699421965318,0.989210019267823,0.896531791907514,0.873988439306358,0.61868978805395,0.795183044315992,0.742774566473988,0.865510597302505,0.868015414258189,0.927745664739884,0.863391136801541,0.766281310211946,0.932177263969171,0.939691714836223,0.932177263969171,0.736416184971098,0.879190751445087
R-303,0.935067437379576,0.952408477842004,0.95645472061657,0.919653179190751,0.936223506743738,0.935452793834297,0.920809248554913,0.965510597302505,0.93121387283237,0.978227360308285,0.965317919075145,0.867052023121387,0.911368015414258,0.906743737957611,0.921579961464355,0.930635838150289,0.954335260115607,0.905009633911368,0.908670520231214,0.95645472061657,0.959730250481696,0.930250481695568,0.980346820809249,0.946628131021195,0.967437379576108,0.91271676300578,0.93140655105973,0.971868978805395,0.901348747591522,0.898265895953757,0.941618497109827,0.916763005780347,0.914836223506744,0.938535645472062,0.926396917148362,0.942774566473988,0.952986512524085,0.940269749518304,0.928901734104046,0.93121387283237,0.966666666666667,0.9252408477842,0.892678227360308,0.923892100192678,0.965317919075145,0.988439306358382,0.96897880539499,0.903468208092486,0.922157996146435,0.917341040462428,0.972832369942197,0.921965317919075,0.970905587668593,0.934682080924855,0.883622350674374,0.98150289017341,0.948362235067437,0.91233140655106,0.9121387283237,0.953564547206166,0.855298651252408,0.940462427745665,0.900770712909441,0.904624277456647,0.487861271676301,0.96859344894027,0.922350674373796,0.91868978805395,0.981888246628131,0.940847784200385,0.954913294797688,0.955684007707129,0.9373795761079,0.966666666666667,0.980732177263969,0.964354527938343,0.914065510597302,0.743159922928709,0.946820809248555,0.970712909441233,0.911946050096339,0.920809248554913,0.973025048169557,0.888824662813102,0.920809248554913,0.938535645472062,0.960500963391137,0.955876685934489,0.901926782273603,0.90597302504817,0.919460500963391,0.921194605009634,0.70019267822736,0.942581888246628,0.930635838150289,0.967244701348748,0.873410404624277,0.925818882466281,0.957803468208092,0.944701348747591,0.954913294797688,0.921579961464355,0.96223506743738,0.955105973025048,0.885741811175337,0.914643545279383,0.973025048169557,0.913872832369942,0.907707129094412,0.96859344894027,0.939499036608863,0.949518304431599,0.953564547206166,0.838535645472062,0.904816955684008,0.926011560693642,0.903275529865125,0.937957610789981,0.944508670520231,0.891136801541426,0,0.972832369942197,0.963391136801541,0.976878612716763,0.917919075144509,0.952793834296724,0.971868978805395,0.92504816955684,0.932177263969171,0.890751445086705,0.967052023121387,0.919460500963391,0.969171483622351,0.948940269749518,0.904816955684008,0.92466281310212,0.924277456647399,0.891522157996146,0.889210019267823,0.945664739884393,0.967630057803468,0.904238921001927,0.853949903660886,0.983236994219653,0.959730250481696,0.957610789980732,0.939691714836223,0.899614643545279
R-304,0.941618497109827,0.789210019267823,0.871483622350674,0.979961464354528,0.952023121387283,0.980732177263969,0.959730250481696,0.976300578034682,0.881695568400771,0.880539499036609,0.873603082851638,0.911946050096339,0.962042389210019,0.960886319845857,0.901348747591522,0.985934489402697,0.921965317919075,0.957610789980732,0.957996146435453,0.919267822736031,0.853949903660886,0.915606936416185,0.856840077071291,0.847398843930636,0.964739884393064,0.978998073217726,0.977263969171484,0.920423892100193,0.96878612716763,0.978420038535646,0.905587668593449,0.948362235067437,0.938342967244701,0.965125240847784,0.949518304431599,0.940847784200385,0.880346820809249,0.853179190751445,0.946820809248555,0.892292870905588,0.884200385356455,0.975529865125241,0.936608863198459,0.892292870905588,0.965895953757225,0.892485549132948,0.827552986512524,0.953371868978805,0.930250481695568,0.944894026974952,0.79344894026975,0.94373795761079,0.909826589595376,0.940847784200385,0.952408477842004,0.998458574181117,0.933333333333333,0.947398843930636,0.955876685934489,0.885356454720617,0.96878612716763,0.841618497109827,0.98728323699422,0.940462427745665,0.989402697495183,0.73159922928709,0.892870905587669,0.907321772639692,0.892678227360308,0.973410404624277,0.910404624277457,0.922928709055877,0.970520231213873,0.791329479768786,0.816955684007707,0.883622350674374,0.968015414258189,0.923506743737958,0.830635838150289,0.849518304431599,0.975529865125241,0.93776493256262,0.894605009633911,0.964739884393064,0.86897880539499,0.966666666666667,0.892870905587669,0.817533718689788,0.951637764932563,0.913294797687861,0.962042389210019,0.940462427745665,0.966666666666667,0.974566473988439,0.936223506743738,0.926204238921002,0.984200385356455,0.960693641618497,0.866473988439306,0.961464354527938,0.922350674373796,0.965703275529865,0.859730250481696,0.924470134874759,0.936801541425819,0.901156069364162,0.848362235067437,0.942581888246628,0.953564547206166,0.866666666666667,0.920616570327553,0.879383429672447,0.883236994219653,0.952023121387283,0.966666666666667,0.948362235067437,0.911946050096339,0.971868978805395,0.895568400770713,0.947398843930636,0.972832369942197,0,0.905009633911368,0.903853564547206,0.966281310211946,0.871868978805395,0.853179190751445,0.958959537572254,0.925626204238921,0.9,0.890558766859345,0.893256262042389,0.839884393063584,0.847206165703276,0.946050096339114,0.948747591522158,0.946628131021195,0.959922928709056,0.888824662813102,0.942196531791908,0.865895953757225,0.885549132947977,0.916763005780347,0.88111753371869,0.903660886319846,0.953757225433526,0.941040462427746,0.910404624277457
R-305,0.939113680154143,0.885934489402697,0.673410404624277,0.973988439306358,0.947784200385356,0.992678227360308,0.965125240847784,0.965703275529865,0.803853564547206,0.827360308285164,0.747206165703276,0.878227360308285,0.979383429672447,0.970905587668593,0.934874759152216,0.988824662813102,0.901156069364162,0.952793834296724,0.944508670520231,0.941040462427746,0.907129094412331,0.935452793834297,0.871483622350674,0.867822736030828,0.952793834296724,0.982851637764933,0.984585741811175,0.826204238921002,0.973603082851638,0.965895953757225,0.93121387283237,0.964161849710983,0.957032755298651,0.942003853564547,0.967437379576108,0.942196531791908,0.901734104046243,0.91907514450867,0.940655105973025,0.929287090558767,0.795375722543353,0.98747591522158,0.946628131021195,0.925818882466281,0.978420038535646,0.859152215799615,0.934489402697495,0.960500963391137,0.970905587668593,0.95009633911368,0.735838150289017,0.963969171483622,0.841233140655106,0.966859344894027,0.965895953757225,0.993063583815029,0.957032755298651,0.971098265895954,0.931791907514451,0.811175337186898,0.946435452793834,0.877842003853565,1,0.929287090558767,0.991714836223507,0.847013487475915,0.935067437379576,0.947398843930636,0.903853564547206,0.947398843930636,0.926974951830443,0.742581888246628,0.968400770712909,0.871868978805395,0.83718689788054,0.944123314065511,0.960693641618497,0.906936416184971,0.871483622350674,0.934296724470135,0.960308285163777,0.936608863198459,0.773603082851638,0.959344894026975,0.875915221579961,0.972061657032755,0.955298651252408,0.861657032755299,0.952408477842004,0.93776493256262,0.985356454720617,0.954142581888247,0.947398843930636,0.990366088631985,0.953564547206166,0.972254335260116,0.989788053949904,0.97514450867052,0.800963391136802,0.948362235067437,0.823699421965318,0.949518304431599,0.928901734104046,0.865317919075145,0.948747591522158,0.932562620423892,0.808092485549133,0.959344894026975,0.942967244701349,0.779576107899807,0.919845857418112,0.934682080924855,0.78766859344894,0.960500963391137,0.914643545279383,0.965317919075145,0.963198458574181,0.941233140655106,0.903275529865125,0.945279383429672,0.963391136801541,0.905009633911368,0,0.900578034682081,0.978420038535646,0.914836223506744,0.752601156069364,0.982466281310212,0.974181117533719,0.939691714836223,0.888439306358382,0.940269749518304,0.926974951830443,0.882080924855491,0.954720616570328,0.963198458574181,0.962042389210019,0.952601156069364,0.927745664739884,0.958959537572254,0.783429672447013,0.874373795761079,0.930057803468208,0.938150289017341,0.935838150289017,0.979576107899807,0.966666666666667,0.916763005780347
R-306,0.958959537572254,0.903275529865125,0.891329479768786,0.991714836223507,0.977263969171484,0.989402697495183,0.969364161849711,0.984393063583815,0.93757225433526,0.960886319845857,0.930250481695568,0.938728323699422,0.97533718689788,0.968208092485549,0.941618497109827,0.99383429672447,0.953564547206166,0.972447013487476,0.981695568400771,0.971483622350674,0.934296724470135,0.970520231213873,0.934489402697495,0.928901734104046,0.974373795761079,0.9878612716763,0.989017341040462,0.944508670520231,0.989595375722543,0.984200385356455,0.963005780346821,0.968208092485549,0.966281310211946,0.980732177263969,0.974181117533719,0.951637764932563,0.936223506743738,0.937957610789981,0.950674373795761,0.959537572254335,0.960886319845857,0.981695568400771,0.951637764932563,0.93757225433526,0.980154142581888,0.926204238921002,0.920809248554913,0.972447013487476,0.96281310211946,0.965317919075145,0.897687861271676,0.973217726396917,0.928323699421965,0.96897880539499,0.963583815028902,0.995375722543353,0.970520231213873,0.977842003853565,0.961849710982659,0.920423892100193,0.969171483622351,0.923121387283237,0.994605009633911,0.959344894026975,0.994605009633911,0.903468208092486,0.952215799614644,0.969364161849711,0.952408477842004,0.965510597302505,0.95028901734104,0.922157996146435,0.964739884393064,0.9,0.906936416184971,0.967822736030828,0.972254335260116,0.946242774566474,0.934489402697495,0.92485549132948,0.96859344894027,0.969556840077071,0.907514450867052,0.96878612716763,0.963391136801541,0.98766859344894,0.95009633911368,0.914836223506744,0.967052023121387,0.96897880539499,0.977263969171484,0.973603082851638,0.974181117533719,0.984393063583815,0.961657032755299,0.961464354527938,0.987090558766859,0.975529865125241,0.911946050096339,0.967822736030828,0.941040462427746,0.9747591522158,0.944894026974952,0.949325626204239,0.95626204238921,0.974181117533719,0.95028901734104,0.962042389210019,0.970712909441233,0.946435452793834,0.970712909441233,0.947976878612717,0.910211946050096,0.973603082851638,0.960308285163777,0.959922928709056,0.964739884393064,0.979768786127168,0.967052023121387,0.979768786127168,0.976878612716763,0.903853564547206,0.900578034682081,0,0.981888246628131,0.935452793834297,0.904431599229287,0.972061657032755,0.979576107899807,0.948940269749518,0.954527938342967,0.953949903660886,0.910019267822736,0.929672447013488,0.960500963391137,0.977071290944123,0.977842003853565,0.974373795761079,0.951637764932563,0.969171483622351,0.946242774566474,0.945086705202312,0.94990366088632,0.938342967244701,0.946435452793834,0.974566473988439,0.973603082851638,0.957225433526012
R-307,0.756647398843931,0.935452793834297,0.978034682080925,0.680539499036609,0.925818882466281,0.90616570327553,0.758574181117534,0.888053949903661,0.960308285163777,0.967437379576108,0.972254335260116,0.708092485549133,0.791329479768786,0.905780346820809,0.853371868978805,0.779190751445087,0.940655105973025,0.610789980732177,0.621579961464355,0.847013487475915,0.956647398843931,0.798651252408478,0.98150289017341,0.904816955684008,0.850674373795761,0.73102119460501,0.784393063583815,0.958188824662813,0.583622350674374,0.828709055876686,0.646242774566474,0.766088631984586,0.779383429672447,0.889595375722543,0.822157996146435,0.798265895953757,0.909248554913295,0.908092485549133,0.929094412331407,0.833526011560694,0.961271676300578,0.741040462427746,0.666859344894027,0.772254335260116,0.922350674373796,0.98111753371869,0.882466281310212,0.844894026974952,0.88728323699422,0.752408477842004,0.980346820809249,0.781888246628131,0.968208092485549,0.801926782273603,0.852793834296725,0.957418111753372,0.765895953757225,0.61868978805395,0.807707129094412,0.953757225433526,0.972447013487476,0.854527938342967,0.784971098265896,0.518111753371869,0.924084778420039,0.974373795761079,0.827938342967245,0.648169556840077,0.93757225433526,0.954720616570328,0.870712909441233,0.976300578034682,0.851830443159923,0.946820809248555,0.985549132947977,0.908863198458574,0.473410404624277,0.894990366088632,0.900963391136802,0.957610789980732,0.772639691714836,0.627552986512524,0.970712909441233,0.825818882466281,0.947591522157996,0.922928709055877,0.934104046242775,0.964739884393064,0.686127167630058,0.615028901734104,0.774566473988439,0.554720616570328,0.949518304431599,0.564739884393064,0.63159922928709,0.883044315992293,0.754720616570328,0.924470134874759,0.964161849710983,0.829287090558767,0.967244701348748,0.942774566473988,0.771483622350674,0.965125240847784,0.884585741811175,0.709826589595376,0.952215799614644,0.83776493256262,0.730443159922929,0.969556840077071,0.809441233140655,0.960886319845857,0.880732177263969,0.78747591522158,0.859344894026975,0.811175337186898,0.807707129094412,0.935645472061657,0.786319845857418,0.607321772639692,0.917919075144509,0.966281310211946,0.978420038535646,0.981888246628131,0,0.820616570327553,0.973795761078998,0.666088631984586,0.736994219653179,0.684007707129094,0.972061657032755,0.836030828516378,0.980346820809249,0.926011560693642,0.905009633911368,0.479768786127168,0.794219653179191,0.639691714836224,0.900385356454721,0.899614643545279,0.966666666666667,0.922543352601156,0.794219653179191,0.929287090558767,0.953371868978805,0.94354527938343,0.770712909441233,0.922928709055877
R-308,0.859344894026975,0.782273603082852,0.891329479768786,0.877456647398844,0.923892100192678,0.909826589595376,0.774566473988439,0.902504816955684,0.903275529865125,0.880154142581888,0.904431599229287,0.793256262042389,0.831984585741811,0.916763005780347,0.771868978805395,0.829479768786127,0.927745664739884,0.846820809248555,0.926589595375722,0.84393063583815,0.789788053949904,0.788631984585742,0.905780346820809,0.728901734104046,0.829865125240848,0.910019267822736,0.924277456647399,0.857225433526012,0.814450867052023,0.895953757225434,0.885741811175337,0.855298651252408,0.85028901734104,0.918304431599229,0.829672447013488,0.769942196531792,0.829287090558767,0.783815028901734,0.907707129094412,0.782273603082852,0.863776493256262,0.907514450867052,0.868208092485549,0.651252408477842,0.919267822736031,0.911560693641619,0.772061657032755,0.930635838150289,0.880732177263969,0.791136801541426,0.897495183044316,0.873217726396917,0.871676300578035,0.770520231213873,0.87495183044316,0.979190751445087,0.877842003853565,0.849518304431599,0.78111753371869,0.849325626204239,0.928709055876686,0.680154142581888,0.845857418111753,0.834874759152216,0.934296724470135,0.85606936416185,0.754142581888247,0.859537572254335,0.789017341040462,0.888631984585742,0.778805394990366,0.893256262042389,0.842581888246628,0.785934489402698,0.87533718689788,0.819653179190751,0.822928709055877,0.835838150289017,0.704624277456647,0.864739884393064,0.784393063583815,0.818111753371869,0.908863198458574,0.86878612716763,0.899614643545279,0.914643545279383,0.89364161849711,0.853949903660886,0.874566473988439,0.836223506743738,0.832177263969171,0.876493256262042,0.95645472061657,0.866859344894027,0.914065510597302,0.838150289017341,0.830828516377649,0.948940269749518,0.778805394990366,0.884393063583815,0.88766859344894,0.932755298651252,0.640077071290944,0.871868978805395,0.902697495183044,0.834104046242775,0.87533718689788,0.86840077071291,0.848169556840077,0.8747591522158,0.823314065510597,0.910404624277457,0.784778420038536,0.824662813102119,0.853179190751445,0.841811175337187,0.839306358381503,0.932177263969171,0.710597302504817,0.807129094412331,0.952793834296724,0.871868978805395,0.914836223506744,0.935452793834297,0.820616570327553,0,0.861849710982659,0.864161849710983,0.770905587668593,0.8252408477842,0.826589595375723,0.870134874759152,0.882080924855491,0.740655105973025,0.876107899807322,0.852601156069364,0.845279383429672,0.886319845857418,0.901348747591522,0.923121387283237,0.894219653179191,0.892870905587669,0.790558766859345,0.764932562620424,0.91233140655106,0.930057803468208,0.8626204238921,0.896339113680154
R-337,0.942389210019268,0.863583815028902,0.779190751445087,0.989788053949904,0.954142581888247,0.982851637764933,0.96242774566474,0.947976878612717,0.839306358381503,0.857418111753372,0.744894026974952,0.895375722543353,0.965125240847784,0.974373795761079,0.940269749518304,0.988824662813102,0.915992292870906,0.970134874759152,0.970905587668593,0.953564547206166,0.913680154142582,0.954527938342967,0.834296724470135,0.889402697495183,0.96859344894027,0.992870905587669,0.98728323699422,0.741233140655106,0.983815028901734,0.938728323699422,0.926204238921002,0.9626204238921,0.966473988439306,0.953371868978805,0.976300578034682,0.942003853564547,0.926782273603083,0.913487475915222,0.945279383429672,0.933718689788054,0.821194605009634,0.99344894026975,0.948362235067437,0.936801541425819,0.979768786127168,0.8252408477842,0.909055876685934,0.948747591522158,0.967244701348748,0.955876685934489,0.719653179190751,0.960500963391137,0.807129094412331,0.971290944123314,0.963198458574181,0.971098265895954,0.946820809248555,0.977456647398844,0.907707129094412,0.832177263969171,0.921387283236994,0.908670520231214,0.995761078998073,0.949518304431599,0.997880539499037,0.799614643545279,0.944894026974952,0.955298651252408,0.857225433526012,0.95626204238921,0.927552986512524,0.757610789980732,0.96878612716763,0.739884393063584,0.757225433526012,0.95645472061657,0.966666666666667,0.926974951830443,0.88092485549133,0.91888246628131,0.962042389210019,0.910404624277457,0.730057803468208,0.963583815028902,0.826204238921002,0.963969171483622,0.951830443159923,0.844894026974952,0.95626204238921,0.944894026974952,0.98747591522158,0.958766859344894,0.970520231213873,0.99383429672447,0.950674373795761,0.980154142581888,0.992292870905588,0.969942196531792,0.692292870905588,0.969171483622351,0.847784200385356,0.903853564547206,0.877649325626204,0.864547206165703,0.95645472061657,0.932947976878613,0.832755298651252,0.971098265895954,0.95626204238921,0.796146435452794,0.917148362235067,0.90597302504817,0.785356454720617,0.95626204238921,0.936801541425819,0.967437379576108,0.936416184971098,0.946050096339114,0.936994219653179,0.972061657032755,0.971868978805395,0.853179190751445,0.752601156069364,0.904431599229287,0.973795761078998,0.861849710982659,0,0.977071290944123,0.975915221579961,0.91907514450867,0.820038535645472,0.91271676300578,0.949325626204239,0.887861271676301,0.938921001926782,0.958188824662813,0.972639691714836,0.971483622350674,0.914836223506744,0.946628131021195,0.801926782273603,0.866088631984586,0.938921001926782,0.915799614643545,0.929672447013488,0.978034682080925,0.972061657032755,0.91907514450867
R-338,0.802312138728324,0.954335260115607,0.986319845857418,0.681888246628131,0.936416184971098,0.933333333333333,0.852793834296725,0.903853564547206,0.911368015414258,0.954913294797688,0.983044315992293,0.782273603082852,0.794605009633911,0.793063583815029,0.881695568400771,0.857803468208093,0.96223506743738,0.678227360308285,0.673410404624277,0.870327552986513,0.903660886319846,0.79980732177264,0.986512524084778,0.90635838150289,0.911753371868979,0.653949903660886,0.800578034682081,0.948169556840077,0.682080924855491,0.873795761078998,0.754913294797688,0.80655105973025,0.641233140655106,0.921194605009634,0.855684007707129,0.879961464354528,0.935260115606936,0.921579961464355,0.880154142581888,0.830057803468208,0.93718689788054,0.772254335260116,0.608670520231214,0.796339113680154,0.919267822736031,0.980154142581888,0.905009633911368,0.836994219653179,0.905780346820809,0.849325626204239,0.983815028901734,0.758766859344894,0.940655105973025,0.770905587668593,0.815221579961464,0.984585741811175,0.786705202312139,0.576300578034682,0.877456647398844,0.951637764932563,0.972447013487476,0.858959537572254,0.839884393063584,0.690944123314066,0.941233140655106,0.96859344894027,0.85626204238921,0.573217726396917,0.939113680154143,0.916184971098266,0.921387283236994,0.986319845857418,0.908285163776493,0.961271676300578,0.981888246628131,0.9,0.666666666666667,0.922350674373796,0.897687861271676,0.956840077071291,0.859344894026975,0.65626204238921,0.973988439306358,0.850867052023121,0.951059730250482,0.939306358381503,0.946050096339114,0.976685934489403,0.665317919075144,0.607129094412331,0.84354527938343,0.694412331406551,0.972061657032755,0.709633911368015,0.741618497109827,0.84990366088632,0.830250481695568,0.83159922928709,0.961078998073218,0.869364161849711,0.963776493256262,0.911175337186898,0.81888246628131,0.967822736030828,0.782466281310212,0.611753371868979,0.960693641618497,0.768208092485549,0.713680154142582,0.975529865125241,0.83718689788054,0.948362235067437,0.910211946050096,0.810597302504817,0.909248554913295,0.863391136801541,0.845664739884393,0.952986512524085,0.831791907514451,0.704238921001927,0.92504816955684,0.958959537572254,0.982466281310212,0.972061657032755,0.666088631984586,0.864161849710983,0.977071290944123,0,0.772254335260116,0.563583815028902,0.920038535645472,0.886319845857418,0.977456647398844,0.910019267822736,0.839306358381503,0.661078998073218,0.861271676300578,0.694219653179191,0.922928709055877,0.917919075144509,0.96878612716763,0.916184971098266,0.821387283236994,0.922543352601156,0.946050096339114,0.94373795761079,0.800385356454721,0.912909441233141
R-340,0.876107899807322,0.915221579961464,0.972447013487476,0.771676300578035,0.91233140655106,0.915799614643545,0.671868978805395,0.908863198458574,0.935067437379576,0.938150289017341,0.96281310211946,0.798265895953757,0.776878612716763,0.897495183044316,0.800963391136802,0.635260115606936,0.921387283236994,0.790751445086705,0.864739884393064,0.80616570327553,0.825818882466281,0.708285163776493,0.964354527938343,0.861271676300578,0.783044315992293,0.820423892100193,0.892292870905588,0.970712909441233,0.764161849710983,0.884393063583815,0.838150289017341,0.836994219653179,0.821579961464355,0.92485549132948,0.829287090558767,0.728516377649326,0.885549132947977,0.843352601156069,0.920231213872832,0.757996146435453,0.91849710982659,0.832177263969171,0.821001926782274,0.703468208092486,0.882466281310212,0.972832369942197,0.829865125240848,0.869364161849711,0.898265895953757,0.716763005780347,0.960693641618497,0.83121387283237,0.967244701348748,0.674181117533719,0.872447013487476,0.965703275529865,0.818111753371869,0.761271676300578,0.740269749518304,0.930635838150289,0.960693641618497,0.791136801541426,0.794605009633911,0.777456647398844,0.93718689788054,0.946050096339114,0.742389210019268,0.801348747591522,0.873410404624277,0.953757225433526,0.858188824662813,0.978034682080925,0.848554913294798,0.938728323699422,0.969749518304432,0.785934489402698,0.75028901734104,0.841618497109827,0.849518304431599,0.94354527938343,0.767437379576108,0.796339113680154,0.970520231213873,0.835260115606936,0.934296724470135,0.898843930635838,0.906936416184971,0.946050096339114,0.83121387283237,0.779190751445087,0.764932562620424,0.831791907514451,0.963776493256262,0.790173410404624,0.859730250481696,0.811753371868979,0.752215799614644,0.931984585741811,0.966281310211946,0.888246628131021,0.953564547206166,0.940655105973025,0.659344894026975,0.931791907514451,0.900770712909441,0.775722543352601,0.901926782273603,0.842389210019268,0.793063583815029,0.946050096339114,0.85009633911368,0.905202312138728,0.849518304431599,0.778034682080925,0.902504816955684,0.824084778420039,0.852023121387283,0.936608863198459,0.683429672447013,0.682080924855491,0.932177263969171,0.925626204238921,0.974181117533719,0.979576107899807,0.736994219653179,0.770905587668593,0.975915221579961,0.772254335260116,0,0.780539499036609,0.966859344894027,0.865703275529865,0.953949903660886,0.848940269749518,0.904431599229287,0.778420038535645,0.842003853564547,0.830250481695568,0.915028901734104,0.873603082851638,0.944701348747591,0.924277456647399,0.813872832369942,0.860886319845857,0.941425818882466,0.899229287090559,0.807514450867052,0.902312138728324
R-341,0.78728323699422,0.897495183044316,0.936223506743738,0.673217726396917,0.892100192678227,0.932369942196532,0.848747591522158,0.896724470134875,0.859152215799615,0.880539499036609,0.91849710982659,0.73140655105973,0.815414258188825,0.76878612716763,0.852601156069364,0.861464354527938,0.89344894026975,0.665510597302505,0.60597302504817,0.834489402697495,0.8373795761079,0.772639691714836,0.926589595375722,0.817919075144509,0.911560693641619,0.661078998073218,0.785741811175337,0.908670520231214,0.688246628131021,0.831791907514451,0.676300578034682,0.778034682080925,0.641811175337187,0.903082851637765,0.848554913294798,0.855298651252408,0.89402697495183,0.847206165703276,0.81888246628131,0.76878612716763,0.863969171483622,0.768015414258189,0.531791907514451,0.777071290944123,0.904816955684008,0.920809248554913,0.871868978805395,0.771098265895954,0.877263969171484,0.856647398843931,0.921772639691715,0.721194605009634,0.878998073217726,0.764161849710983,0.797109826589595,0.969749518304432,0.755105973025048,0.548362235067437,0.873410404624277,0.885741811175337,0.949325626204239,0.778034682080925,0.846820809248555,0.642389210019268,0.946628131021195,0.902697495183044,0.773795761078998,0.536030828516378,0.852986512524085,0.877456647398844,0.86897880539499,0.948747591522158,0.898651252408478,0.865510597302505,0.914836223506744,0.83757225433526,0.66242774566474,0.871290944123314,0.826396917148362,0.942967244701349,0.88150289017341,0.619460500963391,0.918304431599229,0.823506743737958,0.863776493256262,0.88131021194605,0.890944123314065,0.905009633911368,0.647591522157996,0.554720616570328,0.844894026974952,0.654527938342967,0.945664739884393,0.715992292870906,0.665895953757225,0.839113680154143,0.828901734104046,0.791907514450867,0.883044315992293,0.857803468208093,0.91888246628131,0.837957610789981,0.796146435452794,0.90019267822736,0.761271676300578,0.52485549132948,0.892292870905588,0.727552986512524,0.679768786127168,0.914258188824663,0.815414258188825,0.86897880539499,0.87514450867052,0.791136801541426,0.864161849710983,0.85645472061657,0.836030828516378,0.896146435452794,0.819460500963391,0.710789980732177,0.890751445086705,0.9,0.939691714836223,0.948940269749518,0.684007707129094,0.8252408477842,0.91907514450867,0.563583815028902,0.780539499036609,0,0.866281310211946,0.829094412331407,0.964161849710983,0.829672447013488,0.796917148362235,0.671290944123314,0.840847784200385,0.665125240847784,0.845279383429672,0.873795761078998,0.900770712909441,0.864739884393064,0.761657032755299,0.852215799614644,0.908285163776493,0.906743737957611,0.780346820809249,0.826396917148362
R-342,0.911560693641619,0.9121387283237,0.886512524084778,0.95009633911368,0.95626204238921,0.985356454720617,0.969942196531792,0.951830443159923,0.900770712909441,0.792678227360308,0.88131021194605,0.918111753371869,0.959152215799615,0.95606936416185,0.948362235067437,0.989788053949904,0.95009633911368,0.947398843930636,0.921772639691715,0.941425818882466,0.871290944123314,0.898265895953757,0.897109826589595,0.883044315992293,0.958188824662813,0.947591522157996,0.972832369942197,0.746628131021195,0.966473988439306,0.957610789980732,0.91271676300578,0.947784200385356,0.9121387283237,0.970905587668593,0.95606936416185,0.957996146435453,0.934296724470135,0.910789980732177,0.958574181117534,0.935645472061657,0.773025048169557,0.984007707129094,0.903082851637765,0.915799614643545,0.978227360308285,0.889788053949904,0.932369942196532,0.946628131021195,0.984007707129094,0.968208092485549,0.851830443159923,0.909055876685934,0.770134874759152,0.963198458574181,0.953371868978805,0.991329479768786,0.932947976878613,0.9373795761079,0.959537572254335,0.803853564547206,0.96281310211946,0.875722543352601,0.984585741811175,0.949518304431599,0.985741811175337,0.854720616570328,0.941811175337187,0.891907514450867,0.835260115606936,0.96242774566474,0.939691714836223,0.892870905587669,0.978227360308285,0.840269749518304,0.830828516377649,0.945086705202312,0.948362235067437,0.954527938342967,0.847976878612717,0.957996146435453,0.985356454720617,0.880346820809249,0.873217726396917,0.971483622350674,0.878998073217726,0.967244701348748,0.960693641618497,0.880732177263969,0.912909441233141,0.874566473988439,0.979576107899807,0.944315992292871,0.97533718689788,0.989788053949904,0.914836223506744,0.927360308285164,0.987090558766859,0.952793834296724,0.753371868978805,0.972254335260116,0.811560693641619,0.936223506743738,0.854913294797688,0.916377649325626,0.941425818882466,0.862042389210019,0.801541425818882,0.895183044315992,0.894797687861272,0.80597302504817,0.903853564547206,0.934296724470135,0.877649325626204,0.960308285163777,0.96281310211946,0.974566473988439,0.948169556840077,0.962042389210019,0.896531791907514,0.9626204238921,0.967052023121387,0.890558766859345,0.888439306358382,0.954527938342967,0.972061657032755,0.826589595375723,0.820038535645472,0.920038535645472,0.966859344894027,0.866281310211946,0,0.927938342967245,0.976878612716763,0.852023121387283,0.922350674373796,0.955105973025048,0.966281310211946,0.936416184971098,0.926396917148362,0.957610789980732,0.788246628131021,0.884393063583815,0.939691714836223,0.81888246628131,0.955876685934489,0.983815028901734,0.933333333333333,0.921772639691715
R-343,0.864354527938343,0.890173410404624,0.928901734104046,0.892870905587669,0.836416184971098,0.871290944123314,0.853949903660886,0.9252408477842,0.894219653179191,0.938728323699422,0.928516377649326,0.80019267822736,0.829479768786127,0.838342967244701,0.869942196531792,0.806936416184971,0.879768786127168,0.860886319845857,0.904238921001927,0.908092485549133,0.935645472061657,0.862042389210019,0.897109826589595,0.901734104046243,0.8626204238921,0.878612716763006,0.867822736030828,0.955684007707129,0.832755298651252,0.891329479768786,0.904046242774566,0.835645472061657,0.875529865125241,0.857418111753372,0.850867052023121,0.807514450867052,0.908285163776493,0.87495183044316,0.846242774566474,0.848362235067437,0.946242774566474,0.836801541425819,0.870520231213873,0.873410404624277,0.88728323699422,0.91907514450867,0.829094412331407,0.852793834296725,0.81888246628131,0.793063583815029,0.908477842003854,0.890173410404624,0.927938342967245,0.886705202312139,0.831791907514451,0.968015414258189,0.876493256262042,0.880539499036609,0.852601156069364,0.942389210019268,0.954913294797688,0.869749518304432,0.835067437379576,0.852986512524085,0.927360308285164,0.883815028901734,0.840269749518304,0.871290944123314,0.942389210019268,0.932369942196532,0.842581888246628,0.957225433526012,0.81271676300578,0.888824662813102,0.899229287090559,0.898651252408478,0.86242774566474,0.856647398843931,0.894990366088632,0.930635838150289,0.823892100192678,0.876107899807322,0.932177263969171,0.803082851637765,0.860308285163776,0.842003853564547,0.880732177263969,0.90019267822736,0.885163776493256,0.847206165703276,0.785934489402698,0.834296724470135,0.908285163776493,0.845472061657033,0.86840077071291,0.952986512524085,0.841425818882466,0.835838150289017,0.927552986512524,0.886127167630058,0.957032755298651,0.889210019267823,0.837957610789981,0.913680154142582,0.854142581888247,0.827360308285164,0.938342967244701,0.866088631984586,0.85626204238921,0.928709055876686,0.847591522157996,0.866088631984586,0.868015414258189,0.833718689788054,0.83718689788054,0.755298651252408,0.776878612716763,0.882080924855491,0.861464354527938,0.823699421965318,0.919460500963391,0.893256262042389,0.940269749518304,0.953949903660886,0.836030828516378,0.870134874759152,0.91271676300578,0.886319845857418,0.865703275529865,0.829094412331407,0.927938342967245,0,0.952986512524085,0.921772639691715,0.853371868978805,0.826396917148362,0.795761078998073,0.830828516377649,0.836801541425819,0.822157996146435,0.935067437379576,0.85626204238921,0.8,0.921001926782274,0.880346820809249,0.882658959537572,0.808092485549133,0.824084778420039
R-344,0.947784200385356,0.797109826589595,0.898073217726397,0.98747591522158,0.98111753371869,0.994412331406551,0.952793834296724,0.989595375722543,0.94354527938343,0.991329479768786,0.952023121387283,0.92466281310212,0.971098265895954,0.964739884393064,0.903660886319846,0.991907514450867,0.961849710982659,0.965703275529865,0.977263969171484,0.951830443159923,0.854142581888247,0.963583815028902,0.936801541425819,0.877071290944123,0.990944123314066,0.973025048169557,0.993256262042389,0.960308285163777,0.97514450867052,0.965510597302505,0.952023121387283,0.992292870905588,0.942196531791908,0.982273603082852,0.972447013487476,0.9373795761079,0.910211946050096,0.919845857418112,0.944701348747591,0.9252408477842,0.988631984585742,0.969364161849711,0.936994219653179,0.88150289017341,0.973217726396917,0.95028901734104,0.847591522157996,0.975915221579961,0.932755298651252,0.948554913294798,0.934296724470135,0.976300578034682,0.984007707129094,0.936801541425819,0.953179190751445,0.990751445086705,0.964932562620424,0.958766859344894,0.952986512524085,0.902697495183044,0.963583815028902,0.866088631984586,0.990173410404624,0.961271676300578,0.982851637764933,0.858574181117534,0.929672447013488,0.953179190751445,0.936994219653179,0.916377649325626,0.89402697495183,0.927745664739884,0.947398843930636,0.896146435452794,0.965895953757225,0.939113680154143,0.990173410404624,0.948940269749518,0.892870905587669,0.836801541425819,0.936030828516378,0.974566473988439,0.961078998073218,0.976300578034682,0.974181117533719,0.995568400770713,0.917726396917148,0.881888246628131,0.951252408477842,0.977263969171484,0.958381502890173,0.987090558766859,0.972254335260116,0.970712909441233,0.97514450867052,0.925818882466281,0.991329479768786,0.9878612716763,0.916955684007707,0.968015414258189,0.965510597302505,0.977649325626204,0.928901734104046,0.923314065510597,0.942774566473988,0.983815028901734,0.951059730250482,0.977071290944123,0.982658959537572,0.984393063583815,0.967630057803468,0.953949903660886,0.94373795761079,0.972832369942197,0.907707129094412,0.949325626204239,0.952601156069364,0.980154142581888,0.932562620423892,0.989210019267823,0.969171483622351,0.839884393063584,0.926974951830443,0.910019267822736,0.980346820809249,0.882080924855491,0.949325626204239,0.977456647398844,0.953949903660886,0.964161849710983,0.976878612716763,0.952986512524085,0,0.845664739884393,0.947784200385356,0.986897880539499,0.971290944123314,0.971676300578035,0.949132947976879,0.992485549132948,0.985741811175337,0.982273603082852,0.898073217726397,0.91233140655106,0.913294797687861,0.949132947976879,0.978420038535646,0.959922928709056
R-345,0.81233140655106,0.759344894026975,0.841811175337187,0.966281310211946,0.938150289017341,0.983044315992293,0.905587668593449,0.87533718689788,0.882080924855491,0.869556840077071,0.865510597302505,0.858381502890173,0.965125240847784,0.936223506743738,0.835067437379576,0.976493256262042,0.904816955684008,0.851252408477842,0.891714836223507,0.785934489402698,0.622157996146435,0.858766859344894,0.895183044315992,0.69402697495183,0.955876685934489,0.935260115606936,0.91271676300578,0.874373795761079,0.872639691714836,0.955876685934489,0.83121387283237,0.882466281310212,0.861849710982659,0.93718689788054,0.958381502890173,0.914065510597302,0.844701348747592,0.780154142581888,0.942389210019268,0.769749518304432,0.832947976878613,0.920809248554913,0.83718689788054,0.725433526011561,0.958574181117534,0.934489402697495,0.842389210019268,0.940462427745665,0.903660886319846,0.939306358381503,0.890944123314065,0.892678227360308,0.901348747591522,0.829479768786127,0.923699421965318,0.988053949903661,0.847784200385356,0.871098265895954,0.921579961464355,0.741618497109827,0.946820809248555,0.602697495183044,0.98111753371869,0.858959537572254,0.982080924855491,0.847013487475915,0.81233140655106,0.842003853564547,0.735452793834297,0.847013487475915,0.830057803468208,0.874181117533719,0.944123314065511,0.85028901734104,0.915221579961464,0.774373795761079,0.918304431599229,0.885741811175337,0.682466281310212,0.869749518304432,0.919460500963391,0.871098265895954,0.888439306358382,0.944315992292871,0.906936416184971,0.96878612716763,0.876107899807322,0.816377649325626,0.883429672447014,0.861849710982659,0.965317919075145,0.89402697495183,0.952986512524085,0.90616570327553,0.889980732177264,0.698651252408478,0.973795761078998,0.959730250481696,0.754527938342967,0.876685934489403,0.858381502890173,0.955876685934489,0.735067437379576,0.84354527938343,0.916184971098266,0.857225433526012,0.802119460500963,0.873410404624277,0.910019267822736,0.867437379576108,0.842581888246628,0.886127167630058,0.877263969171484,0.933526011560694,0.85606936416185,0.94393063583815,0.936801541425819,0.919653179190751,0.771290944123314,0.896531791907514,0.948940269749518,0.847206165703276,0.882080924855491,0.929672447013488,0.926011560693642,0.740655105973025,0.887861271676301,0.910019267822736,0.848940269749518,0.829672447013488,0.852023121387283,0.921772639691715,0.845664739884393,0,0.900385356454721,0.922736030828516,0.921579961464355,0.923121387283237,0.882466281310212,0.953564547206166,0.85028901734104,0.896531791907514,0.838921001926782,0.669556840077071,0.891522157996146,0.952986512524085,0.884007707129094,0.895375722543353
R-346,0.921387283236994,0.897109826589595,0.932755298651252,0.886512524084778,0.88150289017341,0.898651252408478,0.873025048169557,0.962042389210019,0.870712909441233,0.966281310211946,0.95028901734104,0.817533718689788,0.84354527938343,0.779768786127168,0.897302504816956,0.899614643545279,0.916570327552987,0.894797687861272,0.87533718689788,0.930443159922929,0.911753371868979,0.894990366088632,0.943352601156069,0.890944123314065,0.917341040462428,0.854913294797688,0.914258188824663,0.933911368015414,0.876878612716763,0.866859344894027,0.926782273603083,0.859537572254335,0.817341040462428,0.902697495183044,0.869942196531792,0.884007707129094,0.905587668593449,0.905780346820809,0.8252408477842,0.892485549132948,0.954335260115607,0.894412331406551,0.810982658959538,0.864739884393064,0.915799614643545,0.952986512524085,0.890944123314065,0.800770712909441,0.909826589595376,0.874566473988439,0.956840077071291,0.88747591522158,0.941040462427746,0.926011560693642,0.789402697495183,0.967437379576108,0.931599229287091,0.826396917148362,0.860115606936416,0.930443159922929,0.943352601156069,0.871483622350674,0.869171483622351,0.886512524084778,0.926204238921002,0.930828516377649,0.886512524084778,0.839113680154143,0.95626204238921,0.8626204238921,0.89402697495183,0.939691714836223,0.90635838150289,0.919653179190751,0.941040462427746,0.913872832369942,0.897109826589595,0.888053949903661,0.89402697495183,0.926204238921002,0.87533718689788,0.87533718689788,0.950867052023121,0.840847784200385,0.89364161849711,0.88111753371869,0.941425818882466,0.93102119460501,0.855298651252408,0.824084778420039,0.869942196531792,0.879383429672447,0.92485549132948,0.926204238921002,0.896724470134875,0.949132947976879,0.89383429672447,0.807707129094412,0.914836223506744,0.946435452793834,0.940462427745665,0.814836223506744,0.894605009633911,0.921194605009634,0.773217726396917,0.802890173410405,0.957996146435453,0.851252408477842,0.864932562620424,0.958574181117534,0.916763005780347,0.921001926782274,0.898651252408478,0.842581888246628,0.826589595375723,0.867822736030828,0.851637764932563,0.90635838150289,0.897687861271676,0.873988439306358,0.904816955684008,0.946050096339114,0.954720616570328,0.960500963391137,0.905009633911368,0.876107899807322,0.938921001926782,0.839306358381503,0.904431599229287,0.796917148362235,0.922350674373796,0.853371868978805,0.947784200385356,0.900385356454721,0,0.896724470134875,0.909826589595376,0.86223506743738,0.857996146435453,0.891136801541426,0.958959537572254,0.872447013487476,0.794797687861272,0.917148362235067,0.92466281310212,0.916955684007707,0.882851637764933,0.809633911368015
R-347,0.715799614643545,0.938150289017341,0.966088631984586,0.709248554913295,0.909633911368015,0.912909441233141,0.810404624277457,0.863776493256262,0.940655105973025,0.945279383429672,0.963005780346821,0.709826589595376,0.824277456647399,0.896917148362235,0.837957610789981,0.827938342967245,0.934104046242775,0.595953757225434,0.646628131021195,0.846050096339114,0.928709055876686,0.830250481695568,0.961464354527938,0.904816955684008,0.885934489402697,0.734104046242775,0.750481695568401,0.944894026974952,0.600385356454721,0.834489402697495,0.671290944123314,0.747976878612717,0.778612716763006,0.903275529865125,0.847398843930636,0.846242774566474,0.91888246628131,0.892485549132948,0.927745664739884,0.817148362235067,0.921772639691715,0.73140655105973,0.673795761078998,0.801541425818882,0.913487475915222,0.961849710982659,0.9,0.836608863198459,0.881695568400771,0.802312138728324,0.964354527938343,0.756647398843931,0.950481695568401,0.816377649325626,0.853564547206166,0.963391136801541,0.729479768786127,0.64354527938343,0.847206165703276,0.951830443159923,0.970905587668593,0.871098265895954,0.81271676300578,0.558381502890173,0.927552986512524,0.957418111753372,0.836030828516378,0.631984585741811,0.922157996146435,0.946050096339114,0.88150289017341,0.967437379576108,0.886127167630058,0.936223506743738,0.959922928709056,0.894797687861272,0.54354527938343,0.902312138728324,0.906743737957611,0.960500963391137,0.80616570327553,0.618304431599229,0.959152215799615,0.834296724470135,0.934874759152216,0.910404624277457,0.928323699421965,0.959152215799615,0.699229287090559,0.621772639691715,0.804238921001927,0.561464354527938,0.940077071290944,0.560693641618497,0.626974951830443,0.889980732177264,0.789788053949904,0.9121387283237,0.946435452793834,0.822350674373796,0.958381502890173,0.943352601156069,0.799036608863198,0.949132947976879,0.867437379576108,0.694412331406551,0.95626204238921,0.810982658959538,0.738150289017341,0.951059730250482,0.777263969171484,0.924470134874759,0.88092485549133,0.79344894026975,0.863969171483622,0.820809248554913,0.785934489402698,0.923506743737958,0.832177263969171,0.61868978805395,0.92466281310212,0.948747591522158,0.963198458574181,0.977071290944123,0.479768786127168,0.852601156069364,0.958188824662813,0.661078998073218,0.778420038535645,0.671290944123314,0.955105973025048,0.826396917148362,0.986897880539499,0.922736030828516,0.896724470134875,0,0.778805394990366,0.648747591522158,0.868208092485549,0.886897880539499,0.94373795761079,0.90597302504817,0.797495183044316,0.929865125240848,0.9373795761079,0.936608863198459,0.739306358381503,0.902504816955684
R-348,0.71868978805395,0.908863198458574,0.958959537572254,0.858766859344894,0.878420038535645,0.897880539499037,0.863391136801541,0.827167630057803,0.942389210019268,0.969749518304432,0.967244701348748,0.796917148362235,0.839306358381503,0.902312138728324,0.859730250481696,0.832369942196532,0.913872832369942,0.823314065510597,0.879961464354528,0.890173410404624,0.941233140655106,0.838150289017341,0.971290944123314,0.882466281310212,0.878805394990366,0.858766859344894,0.793256262042389,0.972447013487476,0.76878612716763,0.894219653179191,0.895953757225434,0.820423892100193,0.873025048169557,0.882273603082852,0.847013487475915,0.830250481695568,0.902312138728324,0.877649325626204,0.884393063583815,0.836801541425819,0.959730250481696,0.798265895953757,0.857418111753372,0.815414258188825,0.905202312138728,0.978612716763006,0.883044315992293,0.883044315992293,0.822543352601156,0.803468208092486,0.966088631984586,0.890173410404624,0.965510597302505,0.851059730250482,0.84971098265896,0.969749518304432,0.78747591522158,0.846242774566474,0.863391136801541,0.96281310211946,0.967244701348748,0.866281310211946,0.844315992292871,0.809055876685934,0.935645472061657,0.957803468208092,0.81888246628131,0.872639691714836,0.939884393063584,0.952408477842004,0.851445086705202,0.964547206165703,0.83121387283237,0.9626204238921,0.972254335260116,0.904238921001927,0.815414258188825,0.873603082851638,0.880732177263969,0.936608863198459,0.788246628131021,0.879961464354528,0.9747591522158,0.816763005780347,0.929094412331407,0.894797687861272,0.901541425818882,0.956647398843931,0.894797687861272,0.821772639691715,0.815606936416185,0.827938342967245,0.916570327552987,0.738728323699422,0.874373795761079,0.910982658959538,0.833718689788054,0.894797687861272,0.964739884393064,0.710982658959538,0.976493256262042,0.93776493256262,0.786897880539499,0.940269749518304,0.900385356454721,0.848747591522158,0.952601156069364,0.858188824662813,0.817533718689788,0.95626204238921,0.786897880539499,0.930635838150289,0.889402697495183,0.828516377649326,0.873603082851638,0.78111753371869,0.83102119460501,0.905780346820809,0.8252408477842,0.795183044315992,0.924277456647399,0.946628131021195,0.962042389210019,0.977842003853565,0.794219653179191,0.845279383429672,0.972639691714836,0.861271676300578,0.842003853564547,0.840847784200385,0.966281310211946,0.795761078998073,0.971290944123314,0.921579961464355,0.909826589595376,0.778805394990366,0,0.792292870905588,0.907514450867052,0.88766859344894,0.965510597302505,0.909826589595376,0.817919075144509,0.933333333333333,0.927745664739884,0.922543352601156,0.755876685934489,0.903853564547206
R-350,0.821579961464355,0.926396917148362,0.947591522157996,0.689210019267823,0.910211946050096,0.914065510597302,0.858959537572254,0.940462427745665,0.936223506743738,0.963391136801541,0.959922928709056,0.678612716763006,0.815414258188825,0.836608863198459,0.863198458574181,0.852793834296725,0.938921001926782,0.709633911368015,0.601926782273603,0.888824662813102,0.929287090558767,0.824470134874759,0.972254335260116,0.895375722543353,0.898458574181118,0.689595375722543,0.831984585741811,0.975529865125241,0.716184971098266,0.826204238921002,0.683622350674374,0.833718689788054,0.727938342967245,0.891136801541426,0.833911368015414,0.845857418111753,0.898073217726397,0.907321772639692,0.882658959537572,0.873795761078998,0.940462427745665,0.788439306358382,0.61907514450867,0.820038535645472,0.916763005780347,0.978034682080925,0.89364161849711,0.790558766859345,0.863198458574181,0.832562620423892,0.969749518304432,0.767822736030829,0.955876685934489,0.866088631984586,0.786512524084778,0.974566473988439,0.845279383429672,0.653757225433526,0.871483622350674,0.935645472061657,0.957610789980732,0.869364161849711,0.80597302504817,0.655298651252408,0.942967244701349,0.961657032755299,0.846820809248555,0.628516377649326,0.958959537572254,0.921772639691715,0.895375722543353,0.953179190751445,0.845472061657033,0.9626204238921,0.977071290944123,0.907321772639692,0.633526011560694,0.896531791907514,0.908092485549133,0.948747591522158,0.836608863198459,0.673795761078998,0.973795761078998,0.810211946050096,0.911946050096339,0.91252408477842,0.928323699421965,0.945664739884393,0.686705202312139,0.592100192678227,0.84412331406551,0.68092485549133,0.946242774566474,0.666473988439306,0.658574181117534,0.92466281310212,0.801734104046243,0.866666666666667,0.958188824662813,0.878805394990366,0.966666666666667,0.902312138728324,0.876685934489403,0.940655105973025,0.830250481695568,0.676107899807322,0.954720616570328,0.751830443159923,0.710019267822736,0.956647398843931,0.856647398843931,0.939884393063584,0.90655105973025,0.783622350674374,0.845857418111753,0.841811175337187,0.843159922928709,0.902119460500963,0.86897880539499,0.742774566473988,0.891522157996146,0.959922928709056,0.952601156069364,0.974373795761079,0.639691714836224,0.886319845857418,0.971483622350674,0.694219653179191,0.830250481695568,0.665125240847784,0.936416184971098,0.830828516377649,0.971676300578035,0.923121387283237,0.86223506743738,0.648747591522158,0.792292870905588,0,0.88747591522158,0.891136801541426,0.964739884393064,0.873603082851638,0.754527938342967,0.948362235067437,0.93757225433526,0.921965317919075,0.814836223506744,0.878034682080925
R-351,0.89364161849711,0.880732177263969,0.902312138728324,0.923314065510597,0.845086705202312,0.811560693641619,0.814836223506744,0.961464354527938,0.853179190751445,0.91271676300578,0.904238921001927,0.810019267822736,0.850481695568401,0.896531791907514,0.879190751445087,0.87495183044316,0.886127167630058,0.893256262042389,0.91868978805395,0.921965317919075,0.891522157996146,0.913294797687861,0.902504816955684,0.888824662813102,0.922736030828516,0.926396917148362,0.923121387283237,0.939499036608863,0.883429672447014,0.894219653179191,0.871483622350674,0.858574181117534,0.896531791907514,0.908092485549133,0.894219653179191,0.879576107899807,0.920231213872832,0.878227360308285,0.896146435452794,0.889402697495183,0.910211946050096,0.91907514450867,0.88092485549133,0.884393063583815,0.935260115606936,0.912909441233141,0.90616570327553,0.834104046242775,0.90616570327553,0.821772639691715,0.886127167630058,0.88766859344894,0.929479768786127,0.938150289017341,0.836030828516378,0.979961464354528,0.913294797687861,0.914450867052023,0.846435452793834,0.88747591522158,0.958574181117534,0.861464354527938,0.857996146435453,0.879190751445087,0.903660886319846,0.839884393063584,0.898843930635838,0.873988439306358,0.934296724470135,0.889788053949904,0.88728323699422,0.940077071290944,0.901734104046243,0.895183044315992,0.895953757225434,0.919460500963391,0.894797687861272,0.867437379576108,0.873795761078998,0.935645472061657,0.785549132947977,0.898265895953757,0.902504816955684,0.811753371868979,0.861657032755299,0.871483622350674,0.905394990366089,0.873988439306358,0.880346820809249,0.853179190751445,0.844508670520231,0.863969171483622,0.903275529865125,0.925626204238921,0.867630057803468,0.957610789980732,0.871868978805395,0.897109826589595,0.897687861271676,0.942196531791908,0.914643545279383,0.877456647398844,0.913680154142582,0.902312138728324,0.871098265895954,0.838150289017341,0.904624277456647,0.880346820809249,0.905587668593449,0.909055876685934,0.911368015414258,0.820809248554913,0.880154142581888,0.821965317919075,0.819653179190751,0.877842003853565,0.705587668593449,0.903660886319846,0.914643545279383,0.865510597302505,0.889210019267823,0.888824662813102,0.927745664739884,0.951637764932563,0.900385356454721,0.901348747591522,0.914836223506744,0.922928709055877,0.915028901734104,0.845279383429672,0.926396917148362,0.836801541425819,0.949132947976879,0.882466281310212,0.857996146435453,0.868208092485549,0.907514450867052,0.88747591522158,0,0.876107899807322,0.895375722543353,0.776493256262042,0.788053949903661,0.932562620423892,0.867052023121387,0.897495183044316,0.889017341040462,0.799036608863198
R-352,0.922543352601156,0.93757225433526,0.953564547206166,0.90655105973025,0.86281310211946,0.90019267822736,0.899229287090559,0.951059730250482,0.91252408477842,0.951059730250482,0.945086705202312,0.854913294797688,0.89402697495183,0.900385356454721,0.905394990366089,0.883815028901734,0.904624277456647,0.899421965317919,0.922928709055877,0.93718689788054,0.95606936416185,0.889980732177264,0.946628131021195,0.921194605009634,0.846628131021195,0.915799614643545,0.919653179190751,0.953757225433526,0.896339113680154,0.901348747591522,0.91868978805395,0.89402697495183,0.925626204238921,0.926589595375722,0.92466281310212,0.865125240847784,0.9252408477842,0.922736030828516,0.911175337186898,0.907321772639692,0.953757225433526,0.883044315992293,0.899614643545279,0.91868978805395,0.851637764932563,0.950867052023121,0.904624277456647,0.876685934489403,0.920809248554913,0.88150289017341,0.941040462427746,0.921387283236994,0.945472061657033,0.921001926782274,0.875529865125241,0.954720616570328,0.914836223506744,0.90635838150289,0.890366088631985,0.933911368015414,0.960115606936416,0.907707129094412,0.910404624277457,0.88766859344894,0.938921001926782,0.940462427745665,0.885934489402697,0.911560693641619,0.947784200385356,0.940847784200385,0.895761078998073,0.963391136801541,0.859922928709056,0.933140655105973,0.945664739884393,0.910019267822736,0.89980732177264,0.8747591522158,0.907514450867052,0.970712909441233,0.909826589595376,0.896724470134875,0.942581888246628,0.850674373795761,0.903468208092486,0.841618497109827,0.935260115606936,0.934682080924855,0.909055876685934,0.878420038535645,0.883622350674374,0.888053949903661,0.93121387283237,0.885356454720617,0.902119460500963,0.972061657032755,0.90019267822736,0.906743737957611,0.944315992292871,0.933911368015414,0.948362235067437,0.908670520231214,0.905780346820809,0.944508670520231,0.921001926782274,0.874181117533719,0.943352601156069,0.895761078998073,0.870712909441233,0.942581888246628,0.89980732177264,0.901734104046243,0.894990366088632,0.866088631984586,0.888631984585742,0.870327552986513,0.871676300578035,0.892485549132948,0.888246628131021,0.868015414258189,0.945664739884393,0.942196531791908,0.958959537572254,0.969171483622351,0.899614643545279,0.923121387283237,0.946628131021195,0.917919075144509,0.873603082851638,0.873795761078998,0.957610789980732,0.822157996146435,0.992485549132948,0.953564547206166,0.891136801541426,0.886897880539499,0.88766859344894,0.891136801541426,0.876107899807322,0,0.936223506743738,0.868015414258189,0.880346820809249,0.959152215799615,0.942389210019268,0.909633911368015,0.870905587668593,0.840847784200385
R-354,0.929094412331407,0.905780346820809,0.780346820809249,0.965510597302505,0.939499036608863,0.978420038535646,0.970905587668593,0.945472061657033,0.814643545279383,0.59980732177264,0.765703275529865,0.897109826589595,0.980732177263969,0.980732177263969,0.946242774566474,0.989788053949904,0.901156069364162,0.93757225433526,0.936416184971098,0.91252408477842,0.859152215799615,0.892485549132948,0.884393063583815,0.810404624277457,0.953564547206166,0.982273603082852,0.967437379576108,0.760886319845857,0.95606936416185,0.972832369942197,0.855491329479769,0.93102119460501,0.946050096339114,0.95009633911368,0.974373795761079,0.96242774566474,0.9121387283237,0.862042389210019,0.970520231213873,0.905202312138728,0.657803468208092,0.983236994219653,0.941618497109827,0.917148362235067,0.976107899807322,0.861657032755299,0.942003853564547,0.952601156069364,0.979190751445087,0.969364161849711,0.753179190751445,0.918304431599229,0.791329479768786,0.952986512524085,0.974566473988439,0.975529865125241,0.930828516377649,0.95606936416185,0.940269749518304,0.667630057803468,0.963969171483622,0.789595375722543,0.995183044315992,0.932947976878613,0.988246628131021,0.84412331406551,0.91271676300578,0.904816955684008,0.851830443159923,0.968015414258189,0.935452793834297,0.847013487475915,0.985163776493256,0.829865125240848,0.814836223506744,0.901734104046243,0.933911368015414,0.909441233140655,0.820809248554913,0.966088631984586,0.982658959537572,0.903082851637765,0.817341040462428,0.961271676300578,0.830250481695568,0.955298651252408,0.960693641618497,0.809633911368015,0.948747591522158,0.866088631984586,0.985356454720617,0.930250481695568,0.959922928709056,0.971868978805395,0.912909441233141,0.953757225433526,0.993256262042389,0.973217726396917,0.71907514450867,0.936416184971098,0.700770712909441,0.955105973025048,0.880732177263969,0.854913294797688,0.973603082851638,0.857803468208093,0.63140655105973,0.930635838150289,0.906743737957611,0.695183044315992,0.86878612716763,0.915606936416185,0.827167630057803,0.967822736030828,0.941811175337187,0.980539499036609,0.960115606936416,0.944508670520231,0.857032755298651,0.927745664739884,0.967630057803468,0.865895953757225,0.783429672447013,0.946242774566474,0.966666666666667,0.894219653179191,0.801926782273603,0.96878612716763,0.944701348747591,0.900770712909441,0.788246628131021,0.935067437379576,0.985741811175337,0.85028901734104,0.958959537572254,0.94373795761079,0.965510597302505,0.964739884393064,0.895375722543353,0.936223506743738,0,0.846435452793834,0.951059730250482,0.873795761078998,0.961464354527938,0.976300578034682,0.942774566473988,0.899421965317919
R-355,0.928516377649326,0.898651252408478,0.865317919075145,0.91849710982659,0.827938342967245,0.851830443159923,0.882658959537572,0.968208092485549,0.813680154142582,0.892100192678227,0.861849710982659,0.80597302504817,0.838150289017341,0.875915221579961,0.907707129094412,0.895183044315992,0.885549132947977,0.907899807321773,0.893256262042389,0.929865125240848,0.924084778420039,0.898458574181118,0.904624277456647,0.875915221579961,0.895375722543353,0.922157996146435,0.942003853564547,0.899229287090559,0.886705202312139,0.919460500963391,0.909441233140655,0.876878612716763,0.902697495183044,0.88150289017341,0.888439306358382,0.905780346820809,0.883429672447014,0.881888246628131,0.889402697495183,0.89980732177264,0.844701348747592,0.930057803468208,0.886705202312139,0.89402697495183,0.919653179190751,0.921772639691715,0.902697495183044,0.849132947976879,0.914450867052023,0.880154142581888,0.843159922928709,0.904624277456647,0.905587668593449,0.934296724470135,0.821579961464355,0.966473988439306,0.943352601156069,0.91252408477842,0.83159922928709,0.871676300578035,0.953564547206166,0.858188824662813,0.877071290944123,0.886897880539499,0.917726396917148,0.852793834296725,0.88092485549133,0.878805394990366,0.933526011560694,0.909248554913295,0.913872832369942,0.874181117533719,0.921579961464355,0.874373795761079,0.86223506743738,0.904238921001927,0.901541425818882,0.848554913294798,0.848169556840077,0.957610789980732,0.884971098265896,0.902697495183044,0.889788053949904,0.811946050096339,0.808863198458574,0.854527938342967,0.924084778420039,0.871868978805395,0.906936416184971,0.848362235067437,0.875722543352601,0.888824662813102,0.922157996146435,0.942389210019268,0.905587668593449,0.958381502890173,0.867437379576108,0.890366088631985,0.864547206165703,0.936416184971098,0.88747591522158,0.858766859344894,0.890944123314065,0.902312138728324,0.872254335260116,0.855298651252408,0.841233140655106,0.876878612716763,0.878805394990366,0.834682080924856,0.898651252408478,0.848169556840077,0.875529865125241,0.84393063583815,0.834296724470135,0.872447013487476,0.824470134874759,0.879768786127168,0.886705202312139,0.863391136801541,0.904238921001927,0.885549132947977,0.874373795761079,0.945086705202312,0.922543352601156,0.892870905587669,0.866088631984586,0.916184971098266,0.924277456647399,0.864739884393064,0.884393063583815,0.85626204238921,0.982273603082852,0.896531791907514,0.872447013487476,0.90597302504817,0.909826589595376,0.873603082851638,0.776493256262042,0.868015414258189,0.846435452793834,0,0.823506743737958,0.936416184971098,0.907321772639692,0.913680154142582,0.901734104046243,0.783044315992293
R-356,0.849325626204239,0.818111753371869,0.895375722543353,0.813872832369942,0.888824662813102,0.866666666666667,0.738921001926782,0.941233140655106,0.884200385356455,0.961657032755299,0.934104046242775,0.630635838150289,0.717533718689788,0.801541425818882,0.78150289017341,0.802697495183044,0.914258188824663,0.803275529865125,0.841425818882466,0.890173410404624,0.865125240847784,0.819267822736031,0.935645472061657,0.845086705202312,0.866088631984586,0.81252408477842,0.885741811175337,0.946242774566474,0.799421965317919,0.777842003853565,0.840462427745665,0.83102119460501,0.811946050096339,0.885356454720617,0.708092485549133,0.794412331406551,0.883815028901734,0.877649325626204,0.845086705202312,0.853564547206166,0.953371868978805,0.836416184971098,0.796917148362235,0.766281310211946,0.919267822736031,0.956647398843931,0.835067437379576,0.805394990366089,0.846628131021195,0.742196531791907,0.936030828516378,0.823506743737958,0.951637764932563,0.848362235067437,0.670905587668593,0.978998073217726,0.884393063583815,0.802890173410405,0.751637764932563,0.883622350674374,0.93757225433526,0.795953757225433,0.697880539499037,0.797109826589595,0.924277456647399,0.90655105973025,0.822736030828516,0.808863198458574,0.944508670520231,0.821965317919075,0.783429672447013,0.919845857418112,0.793063583815029,0.925433526011561,0.935260115606936,0.89344894026975,0.81271676300578,0.845857418111753,0.878227360308285,0.892100192678227,0.717341040462428,0.81233140655106,0.941233140655106,0.705780346820809,0.898458574181118,0.882658959537572,0.88111753371869,0.89344894026975,0.791136801541426,0.775722543352601,0.761849710982659,0.821965317919075,0.919653179190751,0.828131021194605,0.832755298651252,0.926011560693642,0.738728323699422,0.842581888246628,0.878420038535645,0.891522157996146,0.935645472061657,0.876493256262042,0.851637764932563,0.877263969171484,0.774566473988439,0.776493256262042,0.945664739884393,0.815221579961464,0.823506743737958,0.95606936416185,0.870520231213873,0.902312138728324,0.828131021194605,0.657418111753372,0.75626204238921,0.785741811175337,0.736608863198459,0.90635838150289,0.84373795761079,0.766281310211946,0.853949903660886,0.916763005780347,0.930057803468208,0.94990366088632,0.794219653179191,0.790558766859345,0.938921001926782,0.821387283236994,0.813872832369942,0.761657032755299,0.939691714836223,0.8,0.898073217726397,0.838921001926782,0.794797687861272,0.797495183044316,0.817919075144509,0.754527938342967,0.788053949903661,0.880346820809249,0.951059730250482,0.823506743737958,0,0.930635838150289,0.891714836223507,0.904238921001927,0.839499036608863,0.822543352601156
R-357,0.839306358381503,0.863583815028902,0.929094412331407,0.967437379576108,0.954335260115607,0.986127167630058,0.93776493256262,0.911368015414258,0.90635838150289,0.852408477842004,0.911560693641619,0.927938342967245,0.967244701348748,0.961849710982659,0.891714836223507,0.984007707129094,0.936608863198459,0.911946050096339,0.927360308285164,0.81888246628131,0.704624277456647,0.841618497109827,0.911175337186898,0.728901734104046,0.96281310211946,0.9626204238921,0.920231213872832,0.814643545279383,0.862042389210019,0.96878612716763,0.869942196531792,0.874181117533719,0.873603082851638,0.955105973025048,0.96242774566474,0.934874759152216,0.895375722543353,0.776300578034682,0.960500963391137,0.804816955684008,0.862042389210019,0.920038535645472,0.875529865125241,0.811368015414258,0.951252408477842,0.89980732177264,0.855491329479769,0.936416184971098,0.948554913294798,0.957225433526012,0.92485549132948,0.919267822736031,0.846435452793834,0.864161849710983,0.955491329479769,0.988824662813102,0.860886319845857,0.900963391136802,0.934874759152216,0.861464354527938,0.949132947976879,0.703468208092486,0.976878612716763,0.893256262042389,0.990173410404624,0.893063583815029,0.839113680154143,0.884200385356455,0.687861271676301,0.951445086705202,0.88131021194605,0.929287090558767,0.959344894026975,0.83776493256262,0.908670520231214,0.795375722543353,0.909441233140655,0.941233140655106,0.728709055876686,0.91888246628131,0.952793834296724,0.870905587668593,0.922157996146435,0.956647398843931,0.927360308285164,0.959344894026975,0.906936416184971,0.884200385356455,0.911175337186898,0.884007707129094,0.977842003853565,0.89344894026975,0.977649325626204,0.917533718689788,0.900770712909441,0.690366088631985,0.969749518304432,0.957803468208092,0.854335260115607,0.903853564547206,0.874373795761079,0.960115606936416,0.728131021194605,0.91252408477842,0.963391136801541,0.880346820809249,0.835645472061657,0.905009633911368,0.929287090558767,0.892870905587669,0.840269749518304,0.917726396917148,0.914450867052023,0.963198458574181,0.95028901734104,0.963969171483622,0.940655105973025,0.964161849710983,0.785549132947977,0.932177263969171,0.983236994219653,0.88111753371869,0.938150289017341,0.938342967244701,0.929287090558767,0.764932562620424,0.915799614643545,0.922543352601156,0.860886319845857,0.852215799614644,0.81888246628131,0.921001926782274,0.91233140655106,0.669556840077071,0.917148362235067,0.929865125240848,0.933333333333333,0.948362235067437,0.932562620423892,0.959152215799615,0.873795761078998,0.936416184971098,0.930635838150289,0,0.940847784200385,0.962042389210019,0.892100192678227,0.928323699421965
R-360,0.925433526011561,0.884971098265896,0.926011560693642,0.976300578034682,0.906743737957611,0.917533718689788,0.939691714836223,0.970712909441233,0.901541425818882,0.968015414258189,0.940077071290944,0.897302504816956,0.945857418111753,0.932177263969171,0.892485549132948,0.946820809248555,0.908477842003854,0.939306358381503,0.938728323699422,0.923892100192678,0.899421965317919,0.939884393063584,0.924084778420039,0.923699421965318,0.957610789980732,0.957610789980732,0.965125240847784,0.95606936416185,0.957032755298651,0.960886319845857,0.945472061657033,0.940269749518304,0.933333333333333,0.941040462427746,0.949325626204239,0.932755298651252,0.914065510597302,0.886512524084778,0.913680154142582,0.882080924855491,0.950867052023121,0.951445086705202,0.915414258188825,0.897687861271676,0.933526011560694,0.954335260115607,0.874373795761079,0.916184971098266,0.848362235067437,0.926011560693642,0.933718689788054,0.95626204238921,0.959344894026975,0.894412331406551,0.908863198458574,0.985356454720617,0.926204238921002,0.957032755298651,0.949325626204239,0.93776493256262,0.929865125240848,0.895375722543353,0.963969171483622,0.944315992292871,0.961078998073218,0.86859344894027,0.909248554913295,0.92504816955684,0.948747591522158,0.934296724470135,0.866666666666667,0.943352601156069,0.934296724470135,0.92504816955684,0.94354527938343,0.917341040462428,0.951059730250482,0.879190751445087,0.914643545279383,0.894219653179191,0.901156069364162,0.95626204238921,0.94354527938343,0.930635838150289,0.933333333333333,0.933911368015414,0.8626204238921,0.905587668593449,0.9373795761079,0.927938342967245,0.910789980732177,0.94354527938343,0.951059730250482,0.962042389210019,0.93776493256262,0.959344894026975,0.958381502890173,0.935067437379576,0.932755298651252,0.95028901734104,0.957418111753372,0.941233140655106,0.915414258188825,0.905009633911368,0.899229287090559,0.932369942196532,0.949518304431599,0.926011560693642,0.945857418111753,0.962042389210019,0.94393063583815,0.842967244701349,0.921001926782274,0.926204238921002,0.896531791907514,0.890173410404624,0.879768786127168,0.941233140655106,0.925818882466281,0.939691714836223,0.959730250481696,0.903660886319846,0.935838150289017,0.946435452793834,0.953371868978805,0.91233140655106,0.929672447013488,0.946050096339114,0.941425818882466,0.908285163776493,0.955876685934489,0.880346820809249,0.913294797687861,0.891522157996146,0.92466281310212,0.9373795761079,0.927745664739884,0.93757225433526,0.867052023121387,0.942389210019268,0.961464354527938,0.907321772639692,0.891714836223507,0.940847784200385,0,0.876493256262042,0.932755298651252,0.885163776493256
R-361,0.9747591522158,0.927552986512524,0.974373795761079,0.935452793834297,0.873025048169557,0.870905587668593,0.928516377649326,0.977263969171484,0.896146435452794,0.981695568400771,0.978034682080925,0.898843930635838,0.89980732177264,0.899421965317919,0.923699421965318,0.900963391136802,0.909055876685934,0.948940269749518,0.948747591522158,0.947206165703276,0.959537572254335,0.910597302504817,0.965510597302505,0.935452793834297,0.942389210019268,0.933718689788054,0.964739884393064,0.984007707129094,0.92485549132948,0.928709055876686,0.967052023121387,0.938921001926782,0.935838150289017,0.921194605009634,0.936608863198459,0.920809248554913,0.926204238921002,0.915799614643545,0.916763005780347,0.894990366088632,0.978034682080925,0.944123314065511,0.929094412331407,0.901541425818882,0.904624277456647,0.979383429672447,0.889210019267823,0.889402697495183,0.886705202312139,0.91907514450867,0.965703275529865,0.947398843930636,0.978034682080925,0.895568400770713,0.903275529865125,0.966088631984586,0.948940269749518,0.923506743737958,0.919460500963391,0.97533718689788,0.94373795761079,0.922157996146435,0.93140655105973,0.928709055876686,0.940269749518304,0.880732177263969,0.883236994219653,0.941040462427746,0.968400770712909,0.939884393063584,0.904431599229287,0.983622350674374,0.936801541425819,0.960693641618497,0.9747591522158,0.928516377649326,0.945086705202312,0.885934489402697,0.926782273603083,0.946050096339114,0.928901734104046,0.940847784200385,0.978227360308285,0.910982658959538,0.925626204238921,0.878805394990366,0.924277456647399,0.964161849710983,0.947976878612717,0.92504816955684,0.901541425818882,0.94393063583815,0.958574181117534,0.945472061657033,0.955491329479769,0.970712909441233,0.916955684007707,0.939884393063584,0.977456647398844,0.97495183044316,0.983236994219653,0.927552986512524,0.918111753371869,0.93718689788054,0.926782273603083,0.936416184971098,0.97495183044316,0.92466281310212,0.923892100192678,0.976685934489403,0.942967244701349,0.877649325626204,0.940847784200385,0.910404624277457,0.913487475915222,0.915028901734104,0.892485549132948,0.926782273603083,0.894990366088632,0.932177263969171,0.957610789980732,0.953757225433526,0.979576107899807,0.974566473988439,0.94354527938343,0.930057803468208,0.978034682080925,0.94373795761079,0.899229287090559,0.906743737957611,0.983815028901734,0.882658959537572,0.949132947976879,0.952986512524085,0.916955684007707,0.936608863198459,0.922543352601156,0.921965317919075,0.897495183044316,0.909633911368015,0.976300578034682,0.913680154142582,0.904238921001927,0.962042389210019,0.876493256262042,0,0.930828516377649,0.883815028901734
R-363,0.711946050096339,0.932947976878613,0.964739884393064,0.828131021194605,0.861849710982659,0.895183044315992,0.857610789980732,0.794605009633911,0.93776493256262,0.916763005780347,0.96281310211946,0.815414258188825,0.861849710982659,0.904624277456647,0.877456647398844,0.870520231213873,0.921194605009634,0.748940269749518,0.838921001926782,0.835838150289017,0.902890173410405,0.830828516377649,0.964932562620424,0.861657032755299,0.882080924855491,0.799421965317919,0.65009633911368,0.964354527938343,0.688631984585742,0.893063583815029,0.855491329479769,0.747013487475915,0.803275529865125,0.892678227360308,0.879961464354528,0.858959537572254,0.913294797687861,0.875722543352601,0.923314065510597,0.771098265895954,0.892870905587669,0.682080924855491,0.790558766859345,0.795953757225433,0.923121387283237,0.969942196531792,0.896724470134875,0.860693641618497,0.90019267822736,0.85645472061657,0.953757225433526,0.813872832369942,0.953179190751445,0.820231213872832,0.87495183044316,0.958766859344894,0.691136801541426,0.820809248554913,0.88728323699422,0.912909441233141,0.973603082851638,0.820616570327553,0.857996146435453,0.734682080924856,0.936416184971098,0.947206165703276,0.807899807321773,0.783044315992293,0.907514450867052,0.957803468208092,0.9121387283237,0.9747591522158,0.878034682080925,0.947976878612717,0.964932562620424,0.844701348747592,0.776878612716763,0.905394990366089,0.857032755298651,0.957803468208092,0.855684007707129,0.811753371868979,0.966281310211946,0.85645472061657,0.926204238921002,0.890751445086705,0.936994219653179,0.944315992292871,0.785934489402698,0.76859344894027,0.842967244701349,0.735067437379576,0.93140655105973,0.679768786127168,0.828901734104046,0.879190751445087,0.864547206165703,0.915606936416185,0.959922928709056,0.703082851637765,0.953371868978805,0.936994219653179,0.794605009633911,0.94971098265896,0.922543352601156,0.745279383429672,0.909441233140655,0.781888246628131,0.773988439306358,0.936994219653179,0.683622350674374,0.946435452793834,0.895375722543353,0.841233140655106,0.88092485549133,0.815414258188825,0.85028901734104,0.902119460500963,0.803660886319846,0.736416184971098,0.939691714836223,0.941040462427746,0.966666666666667,0.973603082851638,0.770712909441233,0.8626204238921,0.972061657032755,0.800385356454721,0.807514450867052,0.780346820809249,0.933333333333333,0.808092485549133,0.978420038535646,0.884007707129094,0.882851637764933,0.739306358381503,0.755876685934489,0.814836223506744,0.889017341040462,0.870905587668593,0.942774566473988,0.901734104046243,0.839499036608863,0.892100192678227,0.932755298651252,0.930828516377649,0,0.894412331406551
R-364,0.93121387283237,0.895568400770713,0.895568400770713,0.903660886319846,0.786512524084778,0.851252408477842,0.891907514450867,0.958188824662813,0.827938342967245,0.929865125240848,0.892292870905588,0.815414258188825,0.860693641618497,0.815606936416185,0.894412331406551,0.891136801541426,0.862042389210019,0.909826589595376,0.897880539499037,0.923121387283237,0.91888246628131,0.87495183044316,0.920038535645472,0.874566473988439,0.891907514450867,0.901541425818882,0.926011560693642,0.941040462427746,0.893063583815029,0.898073217726397,0.929287090558767,0.877071290944123,0.873603082851638,0.886319845857418,0.919845857418112,0.871868978805395,0.889017341040462,0.860886319845857,0.841811175337187,0.874181117533719,0.907899807321773,0.913102119460501,0.871098265895954,0.897495183044316,0.88766859344894,0.937957610789981,0.891522157996146,0.791522157996146,0.886705202312139,0.889595375722543,0.891136801541426,0.907707129094412,0.920809248554913,0.915606936416185,0.808477842003854,0.941040462427746,0.928901734104046,0.870327552986513,0.872447013487476,0.897109826589595,0.930635838150289,0.86281310211946,0.904431599229287,0.892485549132948,0.924470134874759,0.894412331406551,0.84412331406551,0.877263969171484,0.9373795761079,0.848747591522158,0.886897880539499,0.919460500963391,0.898265895953757,0.908863198458574,0.91849710982659,0.911946050096339,0.916377649325626,0.828323699421965,0.873988439306358,0.945086705202312,0.888246628131021,0.905394990366089,0.919267822736031,0.837957610789981,0.821001926782274,0.804046242774566,0.916184971098266,0.8747591522158,0.88747591522158,0.843159922928709,0.859537572254335,0.886512524084778,0.908092485549133,0.941233140655106,0.902119460500963,0.96859344894027,0.895953757225434,0.852601156069364,0.898843930635838,0.945472061657033,0.917726396917148,0.81849710982659,0.898265895953757,0.885163776493256,0.838535645472062,0.83140655105973,0.909248554913295,0.887090558766859,0.890558766859345,0.894605009633911,0.908863198458574,0.828516377649326,0.877263969171484,0.888824662813102,0.81868978805395,0.869942196531792,0.851830443159923,0.870327552986513,0.869171483622351,0.879190751445087,0.899614643545279,0.910404624277457,0.916763005780347,0.957225433526012,0.922928709055877,0.896339113680154,0.91907514450867,0.912909441233141,0.902312138728324,0.826396917148362,0.921772639691715,0.824084778420039,0.959922928709056,0.895375722543353,0.809633911368015,0.902504816955684,0.903853564547206,0.878034682080925,0.799036608863198,0.840847784200385,0.899421965317919,0.783044315992293,0.822543352601156,0.928323699421965,0.885163776493256,0.883815028901734,0.894412331406551,0
