effect,group,term,estimate,std.error,statistic,df,p.value
fixed,NA,(Intercept),0.6563371433974156,0.09051936248938612,7.250792817662349,52.17333172791058,1.935978842569028e-9
fixed,NA,mass,-0.30889353277137643,0.08866840889675882,-3.4836931959728408,72.45207546784188,8.428382902386972e-4
fixed,NA,droughtND,0.30620921621249103,0.1107729612359426,2.7642956620097565,71.31599093824529,0.007254896838622888
fixed,NA,mass:droughtND,0.32385905851551783,0.09597184041789596,3.374521704547072,72.43771015022807,0.001190876473934806
ran_pars,block,sd__(Intercept),0.05524049478789874,NA,NA,NA,NA
ran_pars,Residual,sd__Observation,0.22609485647653182,NA,NA,NA,NA
