effect,group,term,estimate,std.error,statistic,df,p.value
fixed,NA,(Intercept),0.6563371433912659,0.09051936249154317,7.250792817421628,52.17333177385119,1.9359788351866732e-9
fixed,NA,mass,-0.30889353276518855,0.08866840889704912,-3.483693195891649,72.45207548329032,8.428382903706629e-4
fixed,NA,droughtND,0.30620921621425495,0.11077296123530002,2.7642956620417154,71.31599091450758,0.00725489683852638
fixed,NA,mass:droughtND,0.3238590585127671,0.09597184041757642,3.3745217045296454,72.437710132544,0.0011908764741259941
ran_pars,block,sd__(Intercept),0.0552404948070894,NA,NA,NA,NA
ran_pars,Residual,sd__Observation,0.22609485647419392,NA,NA,NA,NA
